english,bodo,mizo,category
open your notebooks,नायनि फोरमाखौ खेव,I lehkhabu hawng rawh,Classroom Instruction
close your books,नायनि किताबखौ बन्द थ,I lehkhabu khar rawh,Classroom Instruction
please sit down,अननानै फुं,Thu rawh le,Classroom Instruction
stand up everyone,गासै दिंना,Mi zawng ding rawh,Classroom Instruction
be quiet please,अननानै थिरगोन दङ,Dâwiin dâi la,Classroom Instruction
pay attention to the board,बोर्ड आव गोहोम सोद,Board kha ngaithla rawh,Classroom Instruction
turn to page five,पेज पाँच आव गासै फिन,Phek nga hawn rawh,Classroom Instruction
write this down,बेखौ लिरगोन,Hei hi ziak rawh,Classroom Instruction
stop talking,फोथाय खौरांगोन,Thu sawi tawh rawh,Classroom Instruction
listen carefully,मोनो खालामगोन,Ngaithla ṭha takin,Classroom Instruction
raise your hand,नायनि खुन्थाखौ थोन,I kut kalh rawh,Classroom Instruction
work in pairs,नैथिनि जुगुथाव गोब थ,Paihra hrang hrangah thawk rawh,Classroom Instruction
form groups of four,ब्राय गुसुथि मिथिफोर,Mi pali group siam rawh,Classroom Instruction
copy from the board,बोर्ड नायनो आफादगोन,Board atangin copy rawh,Classroom Instruction
put away your phones,नायनि फोन फोरायदों,I phone dah rawh,Classroom Instruction
take out your pens,नायनि कलम गोनां लानो,I pen la chhuak rawh,Classroom Instruction
look at the screen,स्क्रीन आव नायदोन,Screen kha en rawh,Classroom Instruction
come to the front,सिगां आव लाबो,Hmabak lam lo rawh,Classroom Instruction
go back to your seat,नायनि जायगा आव नायनो होयो,I hmun ah kal leh rawh,Classroom Instruction
clean the blackboard,ब्लैकबोर्ड सुगुखुगोन,Blackboard sil rawh,Classroom Instruction
the answer is five,फोराय बा,Chhan chu panga a ni,Mathematics
solve this equation,बे इक्वेसन सोलभ थ,He equation hi chinfel rawh,Mathematics
calculate the area,खोंथा गिबिनाय सान थ,He hmun zat hi chhut rawh,Mathematics
find the perimeter,परिमितिखौ मुंनो,Kimvel zawng chu zat rawh,Mathematics
multiply by ten,दसाव गुन थ,Sawm-in thlakin multiply rawh,Mathematics
divide this number,बे नम्बरखौ भाग थ,He number hi then rawh,Mathematics
draw a triangle,सामफोर जिरगुन गोरसिन,Triangle siam rawh,Mathematics
measure the angle,खोनानायखौ नाफा,Angle hi teh rawh,Mathematics
today we learn fractions,दिनै बे भिन्नखौ होनना,Tunah fraction kan zir ang,Mathematics
count to one hundred,सै सिम जानो गासै,Za thleng chhiar rawh,Mathematics
add these numbers,बे नम्बरफोरखौ जोड़ थ,Heng number-te hi dawng rawh,Mathematics
show your working,नायनि गोबखौ देखायगोन,I thawhhona kha tilang rawh,Mathematics
check your answer,नायनि फोरायखौ सायगोन,I chhan kha enfin rawh,Mathematics
this is incorrect,बेयो गोजौ नङा,Hei hi dik lo,Mathematics
very good calculation,बेयै गोजौ सानाय,Chhut dan a tha hle,Mathematics
write the formula,फर्मुला लिरगोन,Formula ziak rawh,Mathematics
simplify the expression,एक्स्प्रेसनखौ सरल थ,Expression hi awlsam zawka siam rawh,Mathematics
today we study plants,दिनै बे गासैफोरखौ होनना,Tunah thing kan zir ang,Science
observe the experiment,एक्सपेरिमेन्ट नायदोन,Experiment kha en rawh,Science
mix these chemicals carefully,बे केमिकालफोरखौ मोनो सान सामलाय,Heng chemicals-te hi ngaihtuah takin pawl rawh,Science
wear safety goggles,सेफ्टि गोगल लागायगोन,Safety goggles vuah rawh,Science
record your observations,नायनि नायदोनायखौ रिकर्ड थ,I hmu tawnna ziak la rawh,Science
the water is boiling,दै बोराय दङ,Tui chu a luang mek,Science
label the diagram,डायाग्राम लेबल थ,Diagram kha label rawh,Science
the planet revolves around the sun,ग्रहा रबिनि खालामाव गिरिफुं दङ,Planet chu ni vel ah a vel,Science
this is a chemical reaction,बेयो केमिकल रियाक्सन,Hei hi chemical reaction a ni,Science
gravity pulls objects down,गुरुत्व बाथ्राफोरखौ गोजौथिनो थानाय दङ,Gravity hian thil chu a kawm hniam,Science
plants need sunlight,गासैफोरनो रबिनि सालाय गोनां,Thing-te hian ni êng an mamawh,Science
draw the life cycle,लाइफ साइकल गोरसिन,Nunphung kha draw rawh,Science
identify the minerals,खानिजफोरखौ सायगोन,Mineral-te chu hriatchhuah rawh,Science
temperature is rising,तापमान फुंगोनाय दङ,Lumna a sang mek,Science
measure the volume,भोल्युम नाफा,Volume teh rawh,Science
test your prediction,नायनि आगाथाव नायनायखौ टेस्ट थ,I ngaihtuahna test rawh,Science
discuss your findings,नायनि मुनायखौ आलोसना थ,I hmuh tawnna sawihona rawh,Science
study the map carefully,नक्साखौ मोनो होनगोन,Map kha ngaithla takin zir rawh,Social Science
name the seven continents,श्नि महादेशखौ मुं,Continent sarih hmingtha rawh,Social Science
discuss the historical event,एथाव गोनां होयायखौ आलोसना थ,Historical thil thleng sawihona rawh,Social Science
draw the national flag,राष्ट्रिय फ्लाग गोरसिन,Ramri tuta kha draw rawh,Social Science
locate the river on the map,नक्साथाव लुइखौ मुं,Map-ah lui kha hmuh rawh,Social Science
learn about our culture,जाथिनि बिसोमाव होनगोन,Kan nunphung zir rawh,Social Science
this is our national anthem,बेयो जाथिनि गान,Hei hi kan ram hla a ni,Social Science
the constitution is important,बिधान गोनांलै,Constitution hi a pawimawh hle,Social Science
study the timeline,टाइमलाइन होनगोन,Timeline kha zir rawh,Social Science
our national bird is peacock,जाथिनि दावनाय मोर,Kan ramri sava chu peacock a ni,Social Science
explain the revolution,रिभोल्युसनखौ बुंगोन,Revolution kha sawifiah rawh,Social Science
name the neighboring countries,खौरां रायजोथिफोरखौ मुं,Ram bulhmang hmingtha rawh,Social Science
learn the state capitals,राज्यफोरनि राजधानिफोर होनगोन,Hmun hrang hrang khawpui zir rawh,Social Science
i don't understand,आं गोजौबाय,Ka hrethiam lo,Student Question
i forgot my book,आं आंनि किताब मोजानबाय,Ka lehkhabu ka theihnai,Student Question
i finished the work,आं गोबखौ सोमोन्दोखौबाय,Ka hna ka zo tawh,Student Question
excellent work!,गोजौ लाफा!,Ṭha tak tak!,Feedback
well done!,बेयै गोजौ!,I ṭha hle!,Feedback
very good!,बेयै गोजौ!,A tha hle!,Feedback
keep it up!,बेसेन होयो!,I chhunzawm zel ang che!,Feedback
you can do better,नं बेयावनाय गोनां हानो,I tha zawk thei ang,Feedback
try harder,बेसेन नायदोन,Bei nasa zawk rawh,Feedback
good effort,गोजौ नायदोनाय,I bei dan a tha,Feedback
needs improvement,सुधार गोनां,Tihchangtlun a ngai,Feedback
almost correct,गोजौ लासिम,A dik tawp mai,Feedback
pay more attention,बेसेन गोहोम सोद,Ngaihven nasa zawk rawh,Feedback
outstanding!,बेयै बेयै गोजौ!,A hlawhtling hle!,Feedback
perfect answer!,परफेक्ट फोराय!,Chhan tha tak!,Feedback
you're improving,नं सुधार होयाय दङ,I thang chho mek,Feedback
great job!,गोजौ लाफा गोब!,Hna tha tak!,Feedback
keep practicing,नायदोनाय राखाथि थ,Practice chhunzawm zel rawh,Feedback
think carefully,मोनो बिसारगोन,Ngaihtuah tha takin,Feedback
check your work again,दावगासे नायनि गोबखौ सायगोन,I hna enfin leh rawh,Feedback
this is wrong,बेयो गोरलाव,Hei hi a dik lo,Feedback
you're on the right track,नं गोजौ लामथाव दङ,Kawng dik i zawh mek,Feedback
much better than before,आगानायनो बेसेन गोजौ,Hma aia tha zawk,Feedback
good morning class,सुबुं बिहान,Zing tlâm ṭha class,Daily Interaction
good afternoon,सुबुं बेलासे,Tlêm tlâm ṭha,Daily Interaction
stand up please,दिंना गोन,Ding rawh le,Daily Interaction
thank you,मोजां,Ka lawm e,Daily Interaction
you're welcome,राखाइ,Kan lo lawm e,Daily Interaction
excuse me,आं माफ थ,Min senkawp rawh,Daily Interaction
i'm sorry,आं दुःख लायबाय,Ka ngaidam rawh,Daily Interaction
see you tomorrow,गाबै नायना हागोन,Tukleha kan inhmu leh ang,Daily Interaction
have a nice day,गोजौ सान हागोन,Ni tha tak nei rawh,Daily Interaction
be careful,सानफार राखा,Ngaihtuah takin,Daily Interaction
help your friend,नायनि गिबिरखौ मदद थ,I thian pui rawh,Daily Interaction
share with others,गुबुनसोनो हारि थ,Midang nen sem rawh,Daily Interaction
wait for your turn,नायनि बेलानो राखा,I hun nghak rawh,Daily Interaction
line up please,लाइन थ गोन,Line-ah ding rawh,Daily Interaction
come here,बिनिथाव लाबो,Hetah lo rawh,Daily Interaction
go there,अन्थाय होयो,Khatiang ah kal rawh,Daily Interaction
please hurry up,अननानै जल्दि थ,Chak rawh le,Daily Interaction
take your time,बेला लानो गोन,Inngaithlak rawh,Daily Interaction
the exam starts now,परिखा दानो सुबुं होना,Exam hi tunah a tan ta,Exam Instruction
you have one hour,नायथि सै घण्टा आरो,Darkar khat i nei,Exam Instruction
read all questions first,गासै हाबाफोर गिबिबो फोरनो पाठ थ,Zawhna zawng hmalawk chhiar rawh,Exam Instruction
no talking during exam,परिखा बेलाथाव फोथाय खौरांदों,Exam hun lai hian thu sawi suh,Exam Instruction
answer all questions,गासै हाबाफोरनि फोराय फोरायदों,Zawhna zawng chhan rawh,Exam Instruction
write clearly,गोजौबार लिरगोन,Chiang takin ziak rawh,Exam Instruction
check your answers,नायनि फोरायफोरखौ सायगोन,I chhan-te enfin rawh,Exam Instruction
five minutes remaining,बा मिनुट बाथायबाय,Minute panga a la awm,Exam Instruction
time is up,बेला खालासो होनो,Hun a tawp ta,Exam Instruction
put down your pens,नायनि कलमफोरखौ गोजौथिनो दों,I pen-te dah tawh rawh,Exam Instruction
submit your papers,नायनि कागजखौ फोरायदों,I lehkhabu thawn rawh,Exam Instruction
no cheating allowed,सोम्फायनाय आबानाय,Cheat theih a ni lo,Exam Instruction
keep your eyes on your paper,नायनि कागज आव मिखा राखा,I lehkhabu chu en zel rawh,Exam Instruction
one question at a time,सै आव सै हाबा,Zawhna pakhat chauh hmain,Exam Instruction
skip if you don't know,बाखाय मानो खान्दो गासै होयो,I hre lo chuan skip rawh,Exam Instruction
use pencil for diagrams,डायाग्राम आव पेन्सिल बाहाय,Diagram-ah pencil hman rawh,Exam Instruction
write your roll number,नायनि रोल नम्बर लिरगोन,I roll number ziak rawh,Exam Instruction
don't forget your name,नायनि मुंखौ मोजानबा,I hming theihna rawh suh,Exam Instruction
follow the instructions,सोद फोरनि गिबिबो होयो,Instruction zawm rawh,Exam Instruction
good luck everyone,गासैबो गोजौ लाबो,Hlawhtlin rawh u,Exam Instruction
one,सै,Khat,Numbers
two,नै,Pahnih,Numbers
three,थाम,Pathum,Numbers
four,ब्राय,Pali,Numbers
five,बा,Panga,Numbers
six,रो,Ruk,Numbers
seven,श्नि,Sarih,Numbers
eight,जात,Riat,Numbers
nine,स्कौ,Kua,Numbers
ten,दस,Sawm,Numbers
twenty,कुइ,Sawm pahnih,Numbers
thirty,तिनकुइ,Sawm thum,Numbers
forty,ब्राइकुइ,Sawm pali,Numbers
fifty,बायकुइ,Sawm panga,Numbers
hundred,सै,Za,Numbers
red,लुबा,Sen,Colors
blue,गुनाउ,Dum hring,Colors
green,गिसिन,Hring,Colors
white,फुथार,Var,Colors
black,खुंगा,Dum,Colors
orange,नारेङ्गि रोङ,Orange,Colors
pink,गुलाफि,Pink,Colors
brown,दाम रोङ,Vawk,Colors
purple,बेगुनि,Sen dum,Colors
head,खोम,Lu,Body Parts
eye,मिखा,Mit,Body Parts
ear,गुफुर,Bengkung,Body Parts
nose,गुखुं,Hmui,Body Parts
mouth,खा,Ka,Body Parts
hand,खुन्था,Kut,Body Parts
leg,था,Ke,Body Parts
finger,खुन्सिम,Kut zungtang,Body Parts
foot,थागोन,Keng,Body Parts
hair,खुरां,Sam,Body Parts
teeth,था,Ha,Body Parts
tongue,जिब्ला,Thlai,Body Parts
face,गुदुम,Mai,Body Parts
neck,खोनोर,Ngawng,Body Parts
shoulder,खौथि,Lengbang,Body Parts
dog,सुई,Ui,Animals
cat,मेसा,Ngeru,Animals
cow,मोसो,Bawng,Animals
goat,मेमा,Kelchhia,Animals
bird,दावनाय,Sava,Animals
fish,दान,Sangha,Animals
tiger,बाघ,Keikal,Animals
elephant,होथाइ,Sai,Animals
horse,दोर,Sakawr,Animals
lion,सिङ,Sakhei,Animals
monkey,बोथोर,Vak,Animals
rabbit,रागा,Sapui,Animals
snake,दाउ,Rul,Animals
chicken,दाउ,Ar,Animals
buffalo,मइना,Sial,Animals
rice,माय,Buh,Food
water,दै,Tui,Food
milk,दुद,Tui tul,Food
bread,फाउ,Puawn,Food
meat,सा,Sa,Food
vegetable,गासै,Thing hring,Food
fruit,बिजाब,Thei,Food
salt,सान,Chi,Food
sugar,गुदा,Chhe,Food
tea,सा,Ti,Food
egg,खुदाम,Arhte,Food
oil,थेल,Thau,Food
butter,मागुं,Sak puan,Food
honey,खौदां,Khuai,Food
father,बाबै,Pa,Family
mother,माउ,Nu,Family
brother,बिसाराब,Naupa,Family
sister,बिनाइ,Thlai,Family
son,अब,Fapa,Family
daughter,बिसि,Fate,Family
grandfather,आबु,Tetu,Family
grandmother,आबाइ,Pui,Family
uncle,गाजाब,Nau pa,Family
aunt,गाजुं,Nau nu,Family
husband,रोखा,Pa,Family
wife,माय,Nu,Family
child,गाब्रा,Naupang,Family
baby,लुबु,Naupang te,Family
friend,गिबिर,Thian,Family
sun,रबि,Ni,Nature
moon,दा,Thla,Nature
star,काथि,Arsi,Nature
sky,मुखां,Van,Nature
cloud,गुमाम,Chhum,Nature
rain,खौरां,Ruah,Nature
wind,गुर,Thlî,Nature
river,लुइ,Lui,Nature
mountain,दान,Tlang,Nature
tree,सिम,Thing,Nature
flower,बारा,Par,Nature
leaf,गुफान,Hnah,Nature
forest,दावखौ,Ram,Nature
stone,खुन्दा,Lung,Nature
earth,हाथार,Leilung,Nature
book,किताब,Lehkhabu,School
pen,कलम,Pen,School
pencil,खुरांथिनाय,Pencil,School
paper,काखव,Phek,School
bag,थावफा,Khaw,School
desk,तेबुल,Tawltlang,School
chair,फुंसा,Tumbawh,School
board,बोर्ड,Board,School
chalk,सुफुर,Chalk,School
eraser,मेसनाय,Eraser,School
ruler,खुनदै,Scale,School
notebook,फोरमा,Lehkhabu,School
teacher,उखार,Zirtirtu,School
student,खिहोर,Zirlaite,School
classroom,कखा,Classroom,School
go,होयो,Kal,Verbs
come,लाबो,Lo,Verbs
sit,फुं,Thu,Verbs
stand,दिंना,Ding,Verbs
read,पाठ,Chhiar,Verbs
write,लिर,Ziak,Verbs
listen,नुं,Ngai,Verbs
speak,फोथाय,Thusawi,Verbs
eat,जा,Ei,Verbs
drink,नुं,In,Verbs
sleep,गुं,Mut,Verbs
wake,सोरगोन,Tho,Verbs
walk,जाबाय,Kal,Verbs
run,रेबगोन,Tlan,Verbs
jump,फार,Zuang,Verbs
see,नायदोन,Hmu,Verbs
hear,नुं,Hre,Verbs
touch,साम,Hnem,Verbs
smell,मुंनो,Humhim,Verbs
taste,जाननो,Chin,Verbs
big,गेदेम,Lian,Adjectives
small,गिदिर,Te,Adjectives
good,गोजौ,Tha,Adjectives
bad,गोरलाव,Tha lo,Adjectives
hot,गोलाव,Lum,Adjectives
cold,गान,Vawt,Adjectives
fast,फोरां,Chak,Adjectives
slow,लायो,Zawi,Adjectives
heavy,लाफा,Rit,Adjectives
light,हाथि,Awlsam,Adjectives
long,जौगा,Sei,Adjectives
short,थायो,Tawi,Adjectives
high,मुंथाइ,Sang,Adjectives
low,नामथाइ,Hniam,Adjectives
happy,गोनां,Hlim,Adjectives
sad,दुःख,Ngai dam,Adjectives
strong,गुसुम,Chakawm,Adjectives
weak,बोसोर,Tawtchhuah,Adjectives
clean,सुगु,Thianghlim,Adjectives
dirty,मायरा,Bo,Adjectives
today,दिनै,Tun ni,Time
tomorrow,गाबै,Tukleha,Time
yesterday,माबै,Zanin,Time
morning,बिहान,Zing,Time
afternoon,बेलासे,Tlêm,Time
evening,बाइग्रा,Zan tlêm,Time
night,राति,Zan,Time
day,सान,Ni,Time
week,सप्ताह,Kar,Time
month,दान,Thla,Time
year,बोसोर,Kum,Time
monday,गोदाल,Inrinni,Time
tuesday,मंगलवार,Thlawhpuini,Time
wednesday,बुधवार,Pathhumni,Time
thursday,बिहिवार,Pualthanni,Time
friday,सुकुरवार,Sukridanni,Time
saturday,सनिवार,Inrinni,Time
sunday,रबिवार,Pathian ni,Time
hour,घण्टा,Darkar,Time
minute,मिनुट,Minute,Time
house,नो,In,Objects
door,सुलुं,Kawng,Objects
window,गुदुम जिरनाय,Thlawhna,Objects
roof,खौगाव,Inchung,Objects
floor,गोजौथि,Inkar,Objects
wall,गुदुं,Tlang,Objects
road,लाम,Kawng,Objects
car,मोटर,Motor,Objects
bicycle,साइकिल,Baisakul,Objects
boat,गान्दो,Lawng,Objects
clothes,दोरोन,Thawhtute,Objects
shoe,खोम्फा,Kengkawng,Objects
hat,खुरुम,Lukawng,Objects
watch,बेला नायनाय,Darkar,Objects
money,थांगो,Sum,Objects
key,खुनसुर,Key,Objects
knife,हारि,Hrai,Objects
spoon,जानाय,Theikhia,Objects
plate,थारि,Bel,Objects
cup,थारि,Khawm,Objects
in,आव,Chungah,Prepositions
on,आव,Chunga,Prepositions
under,गोजौथिनो,Nuai,Prepositions
above,मुंथाय,A chung,Prepositions
before,आगाथाव,Hmain,Prepositions
after,उनाव,Hnua,Prepositions
with,लानो,Nen,Prepositions
without,बानाय,Telin,Prepositions
and,आरो,Leh,Conjunctions
or,बा,Emaw,Conjunctions
but,दिनाय,Mahse,Conjunctions
because,थांखो,Chuvang,Conjunctions
where,गान,Khawi,Questions
when,मावनो,Engtin,Questions
who,सोर,Tu,Questions
why,माबाव,Engvangin,Questions
how,जोबोन,Engtin,Questions
which,मो,Eng nge,Questions
whose,सोरनि,Tu ta,Questions
hi,सुबुं,Chibai,Daily Interaction
hello,हनाय,Khawngai,Basic Common Words
yes,हां,Awm e,Basic Common Words
no,नang,Aih lo,Basic Common Words
sorry,गोजों,Ka lawm lo,Basic Common Words
please,अननाय,Fiah rawh,Basic Common Words
wait,थार,Ngai rawh,Basic Common Words
stop,थांहा,Tit rawh,Basic Common Words
start,होननाय,Tan la,Basic Common Words
open,खेव,Hawng rawh,Basic Common Words
close,बोन,Khum rawh,Basic Common Words
look,फाइडों,En rawh,Basic Common Words
understand,गोजौ खायला,Hrethiam,Basic Common Words
help,मद,Tihdam rawh,Basic Common Words
homework,होमवर्क,Hriselna thawn,Classroom Words
class,सिँ,Inzirlai,Classroom Words
question,फोथाय,Zawhna,Classroom Words
answer,उत्तोर,Chhan,Classroom Words
lesson,होननाय,Thupui,Classroom Words
exam,पोरिखा,Inkhawm thleng,Classroom Words
result,फाइना,Thil tihlan,Classroom Words
marks,नुम,Mark-ah,Classroom Words
page,फोथाय,Dul,Classroom Words
paragraph,अनसै,Chhiarphung,Classroom Words
sentence,फारदों,Sawipui,Classroom Words
word,गोबाय,Thilpek,Classroom Words
write fast,फोर लिर,Ziak ṭha suh,Classroom Words
read loudly,फार जोर,Chhiar sak rawh,Classroom Words
slowly,फेरसों,Tui hle,Classroom Words
quickly,थांदों,Tui zet,Classroom Words
correct,गोजौ,A dik,Classroom Words
wrong,मोनो,A dik lo,Classroom Words
sit properly,बखा दां,Inn ṭha rawh,Classroom Words
pay attention,सोङ फराय,Thinlung dah rawh,Classroom Words
wake up,सोलोन,Tan,Daily Use Verbs
bring,आनाय,Tih lo kal rawh,Daily Use Verbs
give,दों,Pe rawh,Daily Use Verbs
take,खाय,Lo la,Daily Use Verbs
show,खायदों,A en rawh,Daily Use Verbs
call,फारदों,Ko rawh,Daily Use Verbs
wash,होन,Hlauh,Daily Use Verbs
wait here,बैथार,Heah ngai rawh,Daily Use Verbs
come fast,फारदों थांदों,Lo kal ṭha rawh,Daily Use Verbs
don't move,थांहा बिहाय,Khawr rawh,Daily Use Verbs
don't talk,फारहा बिहाय,Sawi suh,Daily Use Verbs
don't run,दोंदा बिहाय,Chawlh suh,Daily Use Verbs
start reading,फराय होननाय,Chhiar tan rawh,Daily Use Verbs
start writing,लिर होननाय,Ziaka tan rawh,Daily Use Verbs
look here,बैसोङ,Heah en rawh,Daily Use Verbs
listen here,बैलिसन,Heah ngai rawh,Daily Use Verbs
stand properly,थाना दां,In chhung chhuah ṭha rawh,Daily Use Verbs
keep quiet,बोन,Nung chang,Daily Use Verbs
take care,गोजौ थान,Tihdam rawh,Daily Use Verbs
focus,फारदों सोङ,Thinlung dah,Daily Use Verbs
follow me,आनाय फराय,Ka hnuaiah kal rawh,Daily Use Verbs
angry,मोनोनै,Thinlung thiang,Feelings
tired,मोनोहो,Ngar,Feelings
hungry,खाबाय नङा,Ei duh,Feelings
thirsty,नाइ मिन,Tih duh,Feelings
easy,सालां,Fiam,Common Adjectives
difficult,नाङथाइ,Huna,Common Adjectives
right,गोजौ,Dik,Common Adjectives
enough,गोजैनाइ,A tawk e,Common Adjectives
more,दांदाया,Zawng,Common Adjectives
less,थाइ,Hlem,Common Adjectives
again,फाŋसिबाय,Tung zelin,Time Words
now,दानै,Nisa,Time Words
every day,दिन बाय,Ni zawng zawng,Time Words
which exam today,दिन्नै मो परिखा,Niin eng exam nge,Questions
is,आरो,A ni,Common Words
are,आरो,An ni,Common Words
am,आं,Ka ni,Common Words
was,होनो,A ni ta,Common Words
were,होनो,An ni ta,Common Words
you,नं,Nang,Common Words
i,आं,Kei,Common Words
we,बे,Kan,Common Words
they,बिफां,Anni,Common Words
he,बि,Ama,Common Words
she,बि,Ani,Common Words
it,बे,Chu,Common Words
this,बे,Hei,Common Words
that,बा,Chu,Common Words
these,बेफोर,Heng-te,Common Words
those,बाफोर,Chung-te,Common Words
the,बे,Chu,Common Words
a,सै,Pakhat,Common Words
an,सै,Pakhat,Common Words
from,नायनो,Atanga,Common Words
to,आव,Ah,Common Words
at,आव,Ah,Common Words
by,जों,Hmangin,Common Words
for,थाखाय,Tan,Common Words
of,नि,Ta,Common Words
will,गोनां,Ang,Common Words
can,खांनो,Thei,Common Words
could,खांनो होयो,Thei ang,Common Words
should,गोनांथि,Tur,Common Words
would,गोनांथि,Ang,Common Words
may,खांनो,Thei,Common Words
must,गोनांथि,Ngei tur,Common Words
have,आरो,Nei,Common Words
has,आरो,A nei,Common Words
had,होनो आरो,A nei ta,Common Words
do,थां,Tih,Common Words
does,थां,A tih,Common Words
did,होनो थां,A tih ta,Common Words
not,नाङा,Lo,Common Words
my,आंनि,Ka,Common Words
your,नंनि,I,Common Words
his,बिनि,A,Common Words
her,बिनि,A,Common Words
its,बेनि,A,Common Words
our,बेनि,Kan,Common Words
their,बिफांनि,An,Common Words
why are you sad,नं माबाव मोनो नं,Engvangin i sum,Feelings
i am happy,आं रांखान्थि आं,Ka hlim,Feelings
you are good,नं गोजौ नं,I tha,Common Phrases
he is teacher,बि जारि,Ama zirtir a ni,Common Phrases
she is student,बि सिखारि,Ani zirlai a ni,Common Phrases
we are learning,बे होनना दङ,Kan zir mek,Common Phrases
they are writing,बिफां लिर दङ,Anni ziak mek,Common Phrases
this is my book,बे आंनि बुक आरो,Hei hi ka lehkhabu a ni,Common Phrases
that is your pen,बा नंनि कलम आरो,Chu chu i dap a ni,Common Phrases
what is your name,नंनि मिं मा,I hming chu eng nge,Questions
how are you,नं जोबोन नं,I dam em,Greetings
i am fine,आं गोजौ,Ka dam,Greetings
where is the teacher,जारि गान,Zirtir khawi ah nge,Questions
when is the class,सिँ मावनो,Class engtikah nge,Questions
why are you late,नं माबाव लेट,Engvangin i tling,Questions
how old are you,नं बोसोर जोबोन,I kum engzat nge,Questions
what time is it,मा बेला आरो,Engtikah nge,Questions
can you help me,नं खांनो आङा मद,Min pui thei ang em,Questions
i need a pen,आंथि सै कलम गोनांथि,Dap pakhat ka mamawh,Common Phrases
please give me water,अननानै आङा दै दों,Tui min pe rawh,Common Phrases
may i come in,आं खांनो फार,Ka luh thei em,Common Phrases
may i go out,आं खांनो लानो,Ka chhuak thei em,Common Phrases
can you repeat,नं खांनो बार हुनाय,Nawn lehah sawi thei ang em,Common Phrases
i am sorry,आं गोजों,Ka ngaidam rawh,Common Phrases
thank you very much,बेयै गोजौ मोजां,Ka lawm e hle,Common Phrases
you are welcome,नं स्वागत आरो,I lawmawm e,Common Phrases
good night,गोजौ राति,Zan rem,Greetings
what are you doing,नं मा थां दङ,Eng i tih mek,Questions
where are you going,नं गान थां दङ,Khawi ah nang i kal mek,Questions
i am going home,आं नोखोर थां दङ,Ka in ka kal mek,Common Phrases
i am studying,आं होनना दङ,Ka zir mek,Common Phrases
she is reading,बि फराय दङ,Ani chhiar mek,Common Phrases
he is sleeping,बि खोन दङ,Ama muhil mek,Common Phrases
we are playing,बे खेलाय दङ,Kan inkhel mek,Common Phrases
they are eating,बिफां खाबाय दङ,Anni ei mek,Common Phrases
do you have a book,नं बुक आरो,Lehkhabu i nei em,Questions
i have a pen,आं कलम आरो,Dap ka nei,Common Phrases
i don't have homework,आं होमवर्क नाङा,Homework ka nei lo,Common Phrases
this is correct,बे गोजौ आरो,Hei hi a dik,Common Phrases
that is wrong,बा मोनो आरो,Chu chu a dik lo,Common Phrases
i like this,आं बे मोजां,Hei hi ka duh,Common Phrases
i don't like that,आं बा मोजां नाङा,Chu chu ka duh lo,Common Phrases
it is easy,बे सालां आरो,A awlsam,Common Phrases
it is difficult,बे नाङथाइ आरो,A harsa,Common Phrases
i am ready,आं तैयार आरो,Ka inpeih tawh,Common Phrases
are you ready,नं तैयार आरो,I inpeih tawh em,Questions
let us start,जिउनां जागाय,Kan tan dawn nia,Common Phrases
let us go,जिउनां थां,Kan kal dawn nia,Common Phrases
tarun,तारुन,Tarun,Names
as,जें,ang,Common Words - Prepositions
into,आव गोजौथिनो,chung ah,Common Words - Prepositions
between,दो आव गुबुनथाव,inkarah,Common Words - Prepositions
among,गुबुनसोनो,khaw chunga,Common Words - Prepositions
if,बा,chu chu,Common Words - Conjunctions
so,थांखो,chuvang,Common Words - Conjunctions
be,होयो,ni,Common Words - Verbs
say,फार,sawi,Common Words - Verbs
get,लाबो,lo,Common Words - Verbs
make,सिर्गुन,siam,Common Words - Verbs
know,मोजान,hre,Common Words - Verbs
think,मोनो होयो,ngaihtuah,Common Words - Verbs
use,बाहाय,hman,Common Words - Verbs
find,मुंनो,hmuh,Common Words - Verbs
tell,फार,sawi,Common Words - Verbs
work,गोब थ,thawk,Common Words - Verbs
ask,जेबो,zawt,Common Words - Verbs
need,गोनांथि,mamawh,Common Words - Verbs
feel,मोनो दङ,lung,Common Words - Verbs
try,नायदोनाय,bei,Common Words - Verbs
leave,होयो,kal,Common Words - Verbs
put,राखा,siam,Common Words - Verbs
mean,मानथाय दङ,awmzia,Common Words - Verbs
keep,राखा,dah,Common Words - Verbs
let,हायो,thei,Common Words - Verbs
begin,होनना,tan,Common Words - Verbs
seem,नायदोन दङ,ngaithla,Common Words - Verbs
talk,फोथाय,sawi,Common Words - Verbs
new,गोनां आव,tun,Common Words - Adjectives
first,गिबि,hmasa,Common Words - Adjectives
last,बो सोमोन्दो,tak,Common Words - Adjectives
great,गोजौ लाफा,tha hle,Common Words - Adjectives
little,गिदिर,te,Common Words - Adjectives
own,नायनि,i,Common Words - Adjectives
other,बा गुबुन,dang,Common Words - Adjectives
old,बो सोर,ni tang,Common Words - Adjectives
different,बे दिनाय,se cia,Common Words - Adjectives
large,गेदेम,lian,Common Words - Adjectives
next,बो होयो,hnua,Common Words - Adjectives
early,गिबि बेला,zing tlâm,Common Words - Adjectives
young,गो गोसा,nuai,Common Words - Adjectives
important,गोनां लै,pawimawh,Common Words - Adjectives
few,थाइ,hlem,Common Words - Adjectives
public,गुबुन सोनो,chhiah,Common Words - Adjectives
same,बे दिनाय नां,dik leiah,Common Words - Adjectives
able,खांनो,thei,Common Words - Adjectives
time,बेला,hun,Common Words - Other
people,मानो,mi,Common Words - Other
way,लाम,kawng,Common Words - Other
thing,गोब,thil,Common Words - Other
man,मिसो,pa,Common Words - Other
world,जाथि,ram,Common Words - Other
life,जिबान,nunphung,Common Words - Other
part,गोबाय,kawng,Common Words - Other
place,जायगा,hmun,Common Words - Other
case,गोब,thil,Common Words - Other
number,नम्बर,zat,Common Words - Other
problem,लाङाय,huna,Common Words - Other
fact,सच,dik,Common Words - Other
group,गुसुथि,group,Common Words - Other
idea,मोनो,ngaihtuahna,Common Words - Other
blackboard,ब्लैकबोर्ड,blackboard,School - Objects
whiteboard,श्वेत बोर्ड,white board,School - Objects
principal,मुख्य उखार,zirtir ber,School - People & Roles
coach,प्रशिक्षक,coach,School - People & Roles
tutor,निजी उखार,zirtir nangai,School - People & Roles
mentor,गुरु,guide,School - People & Roles
classmate,सिँ सुबुं,classroom friend,School - People & Roles
subject,विषय,subject,School - Classes & Subjects
math,गणित,math,School - Classes & Subjects
science,विज्ञान,science,School - Classes & Subjects
history,इतिहास,history,School - Classes & Subjects
geography,भूगोल,geography,School - Classes & Subjects
language,भाषा,language,School - Classes & Subjects
arts,कला,arts,School - Classes & Subjects
sport,खेल,sport,School - Classes & Subjects
music,संगीत,music,School - Classes & Subjects
computer,संगणक,computer,School - Classes & Subjects
learn,होनना,zir,School - Activities
study,होनना,zir,School - Activities
test,परीखा,test,School - Activities
practice,नायदोनाय,practice,School - Activities
example,उदाहरण,example,School - Activities
exercise,व्यायाम,exercise,School - Activities
project,प्रकल्प,project,School - Activities
pair,जोड़ी,pair,School - Activities
school,स्कूल,school,School - Facilities
campus,परिसर,campus,School - Facilities
lab,प्रयोगशाला,lab,School - Facilities
library,पुस्तकालय,library,School - Facilities
read aloud,जोर से पाठ,sak rawh,Actions - Learning
silent reading,मौन पाठ,thial chhiar,Actions - Learning
group work,गुसुथि गोब,group work,Actions - Learning
pair work,जोड़ी गोब,pair work,Actions - Learning
project work,प्रकल्प गोब,project work,Actions - Learning
submit,फोरायदों,thawn,Actions - Learning
repeat,दावगासे,tung,Actions - Learning
translate,भाषान्तर,translation,Actions - Learning
speak slowly,ज्वलायो फोथाय,thusawi zawi,Actions - Learning
speak clearly,गोजौबार फोथाय,thusawi chiang,Actions - Learning
repeat after me,आनाय फराय दावगासे,ka hnuaiah sawi tung,Actions - Learning
listen and repeat,नुं आरो दावगासे,ngai leh tung,Actions - Learning
answer loudly,जोर से उत्तोर,sawi sak,Actions - Learning
write neatly,सु गु खुगोन,ziak thianghlim,Actions - Learning
due,गोनांथि,hun,Assessment & Grades
deadline,अन्तिम बेला,hun tawp,Assessment & Grades
grade,गुणमत्ता,grade,Assessment & Grades
mark,निशान,mark,Assessment & Grades
score,अङ्क,score,Assessment & Grades
pass,सोमोन्दो,ok,Assessment & Grades
fail,नाङा सोमोन्दो,lo ok,Assessment & Grades
excellent,गोजौ लाफा,ṭha tak tak,Assessment & Grades
good job,गोजौ गोब,hna tha,Assessment & Grades
well done,बेयै गोजौ,i ṭha hle,Assessment & Grades
try again,दावगासे नायदोनाय,bei tung,Assessment & Grades
vocabulary,शब्दभण्डार,vocabulary,Grammar & Linguistic Terms
grammar,व्याकरण,grammar,Grammar & Linguistic Terms
verb,क्रिया,verb,Grammar & Linguistic Terms
noun,नाम,noun,Grammar & Linguistic Terms
adjective,विशेषण,adjective,Grammar & Linguistic Terms
adverb,क्रियाविशेषण,adverb,Grammar & Linguistic Terms
pronoun,सर्वनाम,pronoun,Grammar & Linguistic Terms
preposition,पूर्वसर्ग,preposition,Grammar & Linguistic Terms
conjunction,योजक,conjunction,Grammar & Linguistic Terms
article,लेख,article,Grammar & Linguistic Terms
punctuation,विराम चिन्ह,punctuation,Grammar & Linguistic Terms
capital letter,बड़ा अक्षर,capital,Grammar & Linguistic Terms
lowercase,छोटा अक्षर,lowercase,Grammar & Linguistic Terms
alphabet,वर्णमाला,alphabet,Grammar & Linguistic Terms
letter,अक्षर,letter,Grammar & Linguistic Terms
phrase,वाक्यांश,phrase,Grammar & Linguistic Terms
meaning,मानथाय,awmzia,Grammar & Linguistic Terms
synonym,समानार्थी,same word,Grammar & Linguistic Terms
antonym,विलोम,opposite,Grammar & Linguistic Terms
dictionary,शब्दकोश,dictionary,Grammar & Linguistic Terms
thesaurus,पर्यायवाची कोश,synonym book,Grammar & Linguistic Terms
revision,दोबारा होनना,tung zir,Study Techniques
summary,सारांश,summary,Study Techniques
notes,नोट,notes,Study Techniques
highlight,प्रकाश,highlight,Study Techniques
underline,नीचे लाइन,underline,Study Techniques
circle,गोलाकार,circle,Study Techniques
tick,चिन्ह,tick,Study Techniques
cross,क्रॉस,cross,Study Techniques
incorrect,गोजौ नङा,a dik lo,Study Techniques
period,बेला,hun,School Schedule
break,बिरति,break,School Schedule
lunch,सानाय जान,chaw ei,School Schedule
assembly,समूह,assembly,School Schedule
holiday,अवकाश,holiday,School Schedule
vacation,छुट्टी,vacation,School Schedule
timetable,बेला सूची,time table,School Schedule
attendance,उपस्थिति,kal,Attendance & Registration
present,आरो,awm,Attendance & Registration
absent,नाङा आरो,awm lo,Attendance & Registration
late,लेट,tling,Attendance & Registration
permission,अनुमति,permission,Attendance & Registration
register,दर्ज,register,Attendance & Registration
roll number,रोल नम्बर,roll number,Attendance & Registration
id card,पहचान पत्र,ID card,Attendance & Registration
name,मुं,hming,Personal Information
age,बोसोर,kum,Personal Information
gender,लिङ्ग,gender,Personal Information
address,ठिकाना,address,Personal Information
phone,फोन,phone,Personal Information
email,ईमेल,email,Personal Information
guardian,संरक्षक,guardian,Personal Information
parents,बाप-माय,pa-nu,Personal Information
home,घर,in,Geography & Locations
village,गाँव,village,Geography & Locations
town,कसबा,town,Geography & Locations
city,शहर,city,Geography & Locations
state,राज्य,state,Geography & Locations
country,देश,ram,Geography & Locations
map,नक्शा,map,Geography & Locations
street,सड़क,street,Geography & Locations
market,बाजार,market,Geography & Locations
shop,दुकान,shop,Geography & Locations
store,स्टोर,store,Geography & Locations
mother tongue,मातृ भाषा,pa language,Languages
regional language,क्षेत्रीय भाषा,regional,Languages
bodo,बोडो,bodo,Languages
mizo,मिजो,mizo,Languages
translate to,आव अनुवाद,translation,Languages
translate from,नायनो अनुवाद,atanga translation,Languages
discipline,अनुशासन,discipline,Classroom Behavior
respect,आदर,respect,Classroom Behavior
polite,विनम्र,polite,Classroom Behavior
rude,असभ्य,rude,Classroom Behavior
helpful,मददगार,helpful,Classroom Behavior
cooperative,सहयोगी,cooperative,Classroom Behavior
responsible,जिम्मेदार,responsible,Classroom Behavior
punctual,समय पर,on time,Classroom Behavior
honest,ईमानदार,honest,Classroom Behavior
cheat,नकल,cheat,Classroom Behavior
copy,नकल,copy,Classroom Behavior
collaborate,मिलकर काम,together,Classroom Behavior
share,बाँटना,share,Classroom Behavior
take turns,बारी बारी,turn turn,Classroom Behavior
lead,नेतृत्व,lead,Classroom Behavior
follow,पालन,follow,Classroom Behavior
ask permission,अनुमति माँगना,permission zawt,Classroom Behavior
raise hand,हाथ उठाना,kut kalh,Classroom Behavior
confidence,आत्मविश्वास,confidence,Academic Qualities
participation,भागीदारी,participation,Academic Qualities
talent,प्रतिभा,talent,Academic Qualities
skill,कौशल,skill,Academic Qualities
ability,क्षमता,ability,Academic Qualities
strength,शक्ति,strength,Academic Qualities
weakness,कमजोरी,weakness,Academic Qualities
goal,लक्ष्य,goal,Goals & Motivation
dream,सपना,dream,Goals & Motivation
plan,योजना,plan,Goals & Motivation
strategy,रणनीति,strategy,Goals & Motivation
prepare,तैयारी,prepare,Goals & Motivation
improve,सुधार,improve,Goals & Motivation
achieve,प्राप्त,achieve,Goals & Motivation
succeed,सफल,succeed,Goals & Motivation
learn from mistakes,गलती सीखो,mistake learn,Goals & Motivation
never give up,हार मत मानो,give up suh,Goals & Motivation
motivation,प्रेरणा,motivation,Goals & Motivation
inspiration,प्रेरणा,inspiration,Goals & Motivation
role model,आदर्श,role model,Goals & Motivation
me,आंनि,kei,Pronouns - Object Form
him,बि,ama,Pronouns - Object Form
us,बेनि,kan,Pronouns - Object Form
them,बिफांनि,anni,Pronouns - Object Form
whom,सोर,tu,Question Pronouns
being,होयायनाय,ni mek,Verb - BE
been,होयो,ni ta,Verb - BE
having,आरोनाय,nei mek,Verb - HAVE
doing,थां दङ,tih mek,Verb - DO
shall,गोनांथि,tur,Modal Verbs
might,खांनो बाहाय,thei ang,Modal Verbs
want,गोनांथि,duh,Common Verbs
teach,उखार,zirtir hman,Classroom Verbs
draw,गोरसिन,draw,Classroom Verbs
calculate,गणना,chhut,Classroom Verbs
solve,सोलभ थ,chinfel rawh,Classroom Verbs
explain,बुंगोन,sawifiah rawh,Classroom Verbs
describe,फुलफुल गोन,hriazaih rawh,Classroom Verbs
compare,बराबर गोन,zirtlai rawh,Classroom Verbs
check,सायगोन,enfin rawh,Classroom Verbs
over,मुंथाय,a chung,Prepositions
through,गोजौनो,chung ah,Prepositions
during,बेलाथाव,hun lai,Prepositions
below,नामथाय,hniam,Prepositions
near,गुबुनथाव,inkarah,Prepositions
far,गुर मायनो,thang,Prepositions
although,होयो दिनाय,mahse,Conjunctions
while,बेलाथाव,hun lai,Conjunctions
unless,नाङा होयो,aih lo chu chu,Conjunctions
how many,जोबोन नम्बर,engzat,Question Words
how much,जोबोन सान,engzat,Question Words
necessary,गोनांथि,ngai,Adjectives
possible,खांनो,thei,Adjectives
impossible,खांनो नाङा,thei lo,Adjectives
well,गोजौबार,tha takin,Adverbs
badly,गोरलावबार,dik lo takin,Adverbs
carefully,मोनो खालामगोन,ngaihtuah takin,Adverbs
always,हमेशा,zawng zawng,Adverbs
never,कभी नहीं,aih lo,Adverbs
sometimes,कभी कभी,diw diw,Adverbs
often,बारबार,nasa nasa,Adverbs
rarely,कम,hlem,Adverbs
usually,आम तौर पर,nasa zawk,Adverbs
only,केवल,chauh hmain,Adverbs
also,पन,leh,Adverbs
together,मिलकर,khat a ni,Adverbs
here,बिनिथाव,hetah,Adverbs
there,अन्थाय,khatiang,Adverbs
then,तब,chu chu,Adverbs
spelling,स्पेलिंग,spelling,Grammar Terms
out,सोहाय,chhuak,Translation
up,मुंथाय,sang,Translation
down,नामथाय,hniam,Translation
around,गुबुनथाय,pawnah,Translation
outside,बोहाय,kawl tuiloh,Translation
inside,आव गोजौथिनो,chung ah,Translation
left,दिनाय,chhuk,Translation
center,बिसार,taksa,Translation
raise,थोन,kalh rawh,Translation
lower,नामथिनो,hniam rawh,Translation
spell,स्पेलिंग थ,spell rawh,Translation
pronounce,उच्चार थ,sawi dik rawh,Translation
pause,रुकना,khap la rawh,Translation
continue,जारी रखना,chhung zel rawh,Translation
get up,उठ जाना,thawk rawh,Translation
cook,पकाना,chaw siam,Translation
order,ऑर्डर,order,Translation
buy,खरीदना,la,Translation
sell,बेचना,thleng,Translation
pay,भुगतान,sum pe,Translation
download,डाउनलोड,download,Translation
upload,अपलोड,upload,Translation
save,सहेजो,dah rawh,Translation
delete,हटाओ,tih dah rawh,Translation
paste,चिपकाओ,paste siam rawh,Translation
install,स्थापित,install,Translation
login,लॉगिन,login,Translation
logout,लॉगआउट,logout,Translation
schedule,समय सारणी,hun siam,Translation
attend,उपस्थित होना,lo rawh,Translation
arrive,आना,lo,Translation
depart,जाना,kal,Translation
stay,ठहरना,i,Translation
visit,दौरा,en,Translation
travel,यात्रा,kal lo,Translation
warm,गोलाव,lum awl,Translation
cool,गान,vawt awl,Translation
optional,इच्छानुसार,duh hmasa,Translation
required,अनिवार्य,tur,Translation
loud,ऊंचा आवाज,ko leng,Translation
soft,नरम,hlim,Translation
quiet,शांत,dâwiin,Translation
noisy,शोरगुल,ko leng,Translation
dark,अंधकार,dum,Translation
wet,भीगा,tui kaih,Translation
dry,सूखा,khup,Translation
full,भरा,kumhel,Translation
empty,खाली,awl ang,Translation
hard,कठोर,chi,Translation
rough,खुरदुरा,sual,Translation
smooth,चिकना,thianghlim,Translation
sharp,तेज,chak,Translation
dull,मंद,lo chak,Translation
sweet,मीठा,mithei,Translation
sour,खट्टा,chhe,Translation
bitter,कड़वा,ka,Translation
salty,नमकीन,chi,Translation
spicy,तीखा,ka,Translation
fresh,ताजा,thar,Translation
rotten,सड़ा,thit,Translation
tall,लंबा,sang,Translation
wide,चौड़ा,sang lei,Translation
narrow,संकीर्ण,tawi lei,Translation
closed,बंद,khum,Translation
expensive,महंगा,sum leng,Translation
cheap,सस्ता,sum nung,Translation
attention,ध्यान,ngaithla,Translation
gray,सोहाय रोङ,var dum,Translation
gold,सुनहरा,senai,Translation
silver,चाँदी,silfar,Translation
color,रंग,sen,Translation
square,चौकोर,square,Translation
triangle,सामफोर,triangle,Translation
rectangle,आयत,rectangle,Translation
line,लाइन,line,Translation
shape,आकृति,shape,Translation
size,आकार,size,Translation
weight,वजन,rit,Translation
length,लंबाई,sei,Translation
height,ऊंचाई,sang,Translation
width,चौड़ाई,lei,Translation
depth,गहराई,um,Translation
area,क्षेत्रफल,hmun zat,Translation
volume,आयतन,vol,Translation
thousand,हजार,za nget,Translation
million,दस लाख,million,Translation
second,सेकंड,second,Translation
third,तीसरा,pathumna,Translation
previous,पिछला,hmain la,Translation
presentation,प्रस्तुति,presentation,Translation
assignment,कार्य,thawk,Translation
report,रिपोर्ट,report,Translation
quiz,प्रश्नोत्तरी,quiz,Translation
example sentence,उदाहरण वाक्य,sentence example,Translation
practice question,अभ्यास प्रश्न,practice zawhna,Translation
term,अवधि,term,Translation
semester,सेमेस्टर,semester,Translation
yearly,वार्षिक,kum,Translation
monthly,मासिक,thla,Translation
weekly,साप्ताहिक,kar,Translation
daily,दैनिक,ni,Translation
later,बाद में,hnua la,Translation
soon,जल्द,tui zet,Translation
immediate,तुरंत,nisa,Translation
family,परिवार,pui,Translation
capital,राजधानी,khawpui ber,Translation
bank,बैंक,bank,Translation
post office,डाकघर,post office,Translation
hospital,अस्पताल,hospital,Translation
clinic,क्लिनिक,clinic,Translation
pharmacy,दवाखाना,pharmacy,Translation
police station,पुलिस स्टेशन,police station,Translation
fire station,अग्निशमन स्टेशन,fire station,Translation
bus stop,बस स्टॉप,bus stop,Translation
train station,रेलवे स्टेशन,train station,Translation
airport,हवाई अड्डा,airport,Translation
station,स्टेशन,station,Translation
vehicle,वाहन,motor,Translation
bus,बस,bus,Translation
train,ट्रेन,train,Translation
motorbike,मोटरबाइक,motorbike,Translation
truck,ट्रक,truck,Translation
taxi,टैक्सी,taxi,Translation
ship,जहाज,ship,Translation
plane,हवाई जहाज,plane,Translation
ticket,टिकट,ticket,Translation
fare,किराया,thlan,Translation
trip,यात्रा,trip,Translation
journey,यात्रा,journey,Translation
food,खाना,chaw,Translation
coffee,कॉफी,coffee,Translation
juice,जूस,juice,Translation
spice,मसाला,ka,Translation
breakfast,नाश्ता,zing chaw,Translation
dinner,रात का खाना,zan chaw,Translation
snack,नाश्ता,chaw te,Translation
menu,मेनू,menu,Translation
price,कीमत,thlan,Translation
vegetarian,शाकाहारी,thing hring ei,Translation
customer,ग्राहक,customer,Translation
receipt,रसीद,receipt,Translation
bill,बिल,bill,Translation
wallet,बटुआ,wallet,Translation
shirt,शर्ट,shirt,Translation
pants,पैंट,pants,Translation
skirt,स्कर्ट,skirt,Translation
dress,ड्रेस,dress,Translation
socks,मोजे,socks,Translation
cap,कैप,cap,Translation
bottle,बोतल,bottle,Translation
glass,गिलास,glass,Translation
fork,कांटा,fork,Translation
definition,परिभाषा,definition,Translation
pronunciation,उच्चारण,pronunciation,Translation
translation,अनुवाद,translate,Translation
label,लेबल,label,Translation
diagram,आरेख,diagram,Translation
contrast,विपरीत करो,se cia siam rawh,Translation
analyse,विश्लेषण करो,zir thang rawh,Translation
summarize,सारांश दो,summary siam rawh,Translation
predict,भविष्यवाणी करो,hmachuah siam rawh,Translation
hypothesis,परिकल्पना,hypothesis,Translation
experiment,प्रयोग,experiment,Translation
observe,देखो,en rawh,Translation
measure,मापो,teh rawh,Translation
record,दर्ज करो,ziak rawh,Translation
data,आंकड़े,data,Translation
graph,ग्राफ,graph,Translation
table,तालिका,table,Translation
chart,चार्ट,chart,Translation
model,मॉडल,model,Translation
material,सामग्री,material,Translation
tool,उपकरण,tool,Translation
equipment,उपकरण,equipment,Translation
safety,सुरक्षा,safety,Translation
rule,नियम,rule,Translation
instruction,निर्देश,instruction,Translation
direction,दिशा,kawng,Translation
procedure,प्रक्रिया,procedure,Translation
method,विधि,method,Translation
conclusion,निष्कर्ष,conclusion,Translation
discussion,चर्चा,discussion,Translation
presentation skills,प्रस्तुति कौशल,presentation skills,Translation
behaviour,व्यवहार,behaviour,Translation
marking,अंकन,marking,Translation
feedback,प्रतिक्रिया,feedback,Translation
comment,टिप्पणी,comment,Translation
technology,तकनीक,technology,Translation
website,वेबसाइट,website,Translation
internet,इंटरनेट,internet,Translation
offline,ऑफलाइन,offline,Translation
online,ऑनलाइन,online,Translation
message,संदेश,message,Translation
chat,चैट,chat,Translation
video call,वीडियो कॉल,video call,Translation
camera,कैमरा,camera,Translation
microphone,माइक्रोफोन,microphone,Translation
speaker,स्पीकर,speaker,Translation
screen,स्क्रीन,screen,Translation
keyboard,कीबोर्ड,keyboard,Translation
mouse,माउस,mouse,Translation
printer,प्रिंटर,printer,Translation
scanner,स्कैनर,scanner,Translation
usb,यूएसबी,USB,Translation
file,फाइल,file,Translation
folder,फोल्डर,folder,Translation
document,दस्तावेज़,document,Translation
open file,फाइल खोलो,file hawng rawh,Translation
password,पासवर्ड,password,Translation
username,उपयोगकर्ता नाम,username,Translation
settings,सेटिंग्स,settings,Translation
app,ऐप,app,Translation
because of,कारण से,chuvang,Translation
in order to,ताकि,chuvang,Translation
as if,जैसे,ngai thla,Translation
as long as,जब तक,hun lai,Translation
as soon as,जैसे ही,chu chu,Translation
even if,भले ही,chu chu dey,Translation
however,हालांकि,mahse,Translation
therefore,इसलिए,chuvang,Translation
thus,इस प्रकार,chuvang,Translation
besides,इसके अलावा,a thui le,Translation
moreover,इसके अलावा,a thui le,Translation
many,बहुत,nasa,Translation
all,सब,zawng zawng,Translation
some,कुछ,emaw,Translation
none,कोई नहीं,aih,Translation
every,हर,kumsa kumsa,Translation
each,प्रत्येक,kumsa kumsa,Translation
both,दोनों,pahnih,Translation
either,कोई भी,emaw,Translation
neither,न तो,aih loah,Translation
another,और,dang,Translation
ok,ठीक,ok,Translation
agreed,सहमत,ok ta,Translation
disagree,असहमत,dik lo,Translation
बे,the,chu,Translation
सै,a,pakhat,Translation
आव,in,chungah,Translation
आव गुबुन,on,chunga,Translation
नि,of,ta,Translation
नायनो,from,atanga,Translation
लानो,with,nen,Translation
बानाय,without,telin,Translation
जों,by,hmangin,Translation
आव गोजौथिनो,into,chung ah,Translation
मुंथाय,over,a chung,Translation
सोहाय,out,chhuak,Translation
नामथाय,down,hniam,Translation
दो आव गुबुनथाव,between,inkarah,Translation
गुबुनसोनो,among,khaw chunga,Translation
आगाथाव,before,hmain,Translation
उनाव,after,hnua,Translation
गुबुनथाय,around,pawnah,Translation
बोहाय,outside,kawl tuiloh,Translation
गुबुनथाव,near,inkarah,Translation
गुर मायनो,far,thang,Translation
दिनाय,left,chhuk,Translation
गोजौ,right,dik,Translation
बिसार,center,taksa,Translation
आं,I,kei,Translation
नं,you,nang,Translation
बि,he,ama,Translation
बिफां,they,anni,Translation
आंनि,me,kei,Translation
बिनि,her,a,Translation
बेनि,us,kan,Translation
बिफांनि,them,anni,Translation
नंनि,your,i,Translation
सोर,who,tu,Translation
मो,which,eng nge,Translation
सोरनि,whose,tu ta,Translation
होयो,be,ni,Translation
आरो,have,nei,Translation
थां,do,tih,Translation
लाबो,come,lo,Translation
फार,say,sawi,Translation
सिर्गुन,make,siam,Translation
मुंनो,get,lo,Translation
दों,give,pe rawh,Translation
खाय,take,lo la,Translation
नायदोन,see,hmu,Translation
मोजान,know,hrethiam,Translation
मोनो होयो,think,thiam,Translation
गोनांथि,want,duh,Translation
बाहाय,use,hman,Translation
खोजो,find,hmuh rawh,Translation
गोब थ,work,thawk,Translation
कॉल,call,call,Translation
नायदोनाय,try,bei,Translation
छुट्टी,leave,dah,Translation
राखा,put,siam,Translation
मानथाय दङ,mean,awmzia,Translation
हायो,let,thei,Translation
होनना,begin,tan,Translation
मदद थ,help,tihdam rawh,Translation
फोथाय,talk,sawi,Translation
मोनो दङ,feel,lung,Translation
नायदोन दङ,seem,ngaithla,Translation
पाठ,read,chhiar,Translation
लिर,write,ziak,Translation
नुं,listen,ngai,Translation
उखार,teach,zirtir hman,Translation
खुला,open,hawng,Translation
बोन,close,khum rawh,Translation
फुं,sit,thu,Translation
दिंना,stand,ding,Translation
जाबाय,walk,kal,Translation
रेबगोन,run,tlan,Translation
थोन,raise,kalh rawh,Translation
नामथिनो,lower,hniam rawh,Translation
गोरसिन,draw,draw,Translation
गणना करो,calculate,chhut rawh,Translation
हल करो,solve,chinfel rawh,Translation
समझाओ,explain,sawifiah rawh,Translation
वर्णन करो,describe,hriazaih rawh,Translation
तुलना करो,compare,zirtlai rawh,Translation
सायगोन,check,enfin rawh,Translation
अनुवाद थ,translate,translate rawh,Translation
स्पेलिंग थ,spell,spell rawh,Translation
उच्चार थ,pronounce,sawi dik rawh,Translation
चिन्ह थ,highlight,sign rawh,Translation
रेखा खींचना,underline,line rawh,Translation
गोल,circle,thiangvawl,Translation
निशान लगाना,tick,sign rawh,Translation
खींचना,cross,kawng rawh,Translation
सुपुर्द करना,submit,pe rawh,Translation
आगे बढना,lead,hmun hnuai rawh,Translation
पीछे चलना,follow,hnua a kal rawh,Translation
साझा करो,share,sem rawh,Translation
रुकना,stop,chhap rawh,Translation
शुरू करना,start,tan rawh,Translation
जारी रखना,continue,chhung zel rawh,Translation
पूछना,ask,zawt rawh,Translation
जवाब,answer,chhan,Translation
ध्यान से सुनना,listen carefully,ngai thil takin,Translation
ध्यान देना,pay attention,ngaithla rawh,Translation
दोहराना,repeat,nawn rawh,Translation
जोर से पढना,read aloud,chhiar rawh,Translation
चुप पढना,silent reading,dâwiin chhiar rawh,Translation
समूह में काम,group work,group thawk rawh,Translation
जोड़ी में काम,pair work,paihra thawk rawh,Translation
परियोजना काम,project work,project thawk rawh,Translation
जाग जाना,wake up,tho rawh,Translation
उठ जाना,get up,thawk rawh,Translation
सोना,sleep,mut rawh,Translation
पकाना,cook,chaw siam,Translation
ऑर्डर,order,order,Translation
खरीदना,buy,la,Translation
बेचना,sell,thleng,Translation
भुगतान,pay,sum pe,Translation
डाउनलोड,download,download,Translation
अपलोड,upload,upload,Translation
सहेजो,save,dah rawh,Translation
हटाओ,delete,tih dah rawh,Translation
नकल करो,copy,copy siam rawh,Translation
चिपकाओ,paste,paste siam rawh,Translation
स्थापित,install,install,Translation
लॉगिन,login,login,Translation
लॉगआउट,logout,logout,Translation
पंजीकरण,register,register,Translation
समय सारणी,schedule,hun siam,Translation
उपस्थित होना,attend,lo rawh,Translation
आना,arrive,lo,Translation
जाना,depart,kal,Translation
ठहरना,stay,i,Translation
दौरा,visit,en,Translation
यात्रा,travel,kal lo,Translation
गोरलाव,bad,tha lo,Translation
गोडां,big,lian,Translation
गिदिर,small,te,Translation
गोनां आव,new,thar,Translation
बुजुर्ग,old,ni tang,Translation
फोरां,fast,chak,Translation
लायो,slow,zawi,Translation
सालां,easy,fiam,Translation
नाङथाइ,difficult,huna,Translation
गोलाव,hot,lum,Translation
गान,cold,vawt,Translation
जौगा,long,sei,Translation
छोटा,short,tawi,Translation
मुंथाइ,high,sang,Translation
नामथाइ,low,hniam,Translation
गोनां,happy,hlim,Translation
दुःख,sad,ngai dam,Translation
सुगु,clean,thianghlim,Translation
मायरा,dirty,bo,Translation
गुसुम,strong,chakawm,Translation
बोसोर,weak,tawtchhuah,Translation
मोनो,wrong,dik lo,Translation
बे दिनाय नां,same,dik leiah,Translation
बे दिनाय,different,se cia,Translation
गोनां लै,important,pawimawh,Translation
इच्छानुसार,optional,duh hmasa,Translation
अनिवार्य,required,tur,Translation
भद्र,polite,hlim,Translation
अशिष्ट,rude,bo hlim,Translation
सहायक,helpful,tihdam bik,Translation
सहयोगी,cooperative,khat theuh,Translation
जिम्मेदार,responsible,enkawl a tlaih,Translation
समय पर,punctual,hun dik,Translation
सच्चा,honest,an dik,Translation
ऊंचा आवाज,loud,ko leng,Translation
नरम,soft,hlim,Translation
शांत,quiet,dâwiin,Translation
शोरगुल,noisy,ko leng,Translation
अंधकार,dark,dum,Translation
भीगा,wet,tui kaih,Translation
सूखा,dry,khup,Translation
भरा,full,kumhel,Translation
खाली,empty,awl ang,Translation
भारी,heavy,rit,Translation
हल्का,light,awlsam,Translation
कठोर,hard,chi,Translation
खुरदुरा,rough,sual,Translation
चिकना,smooth,thianghlim,Translation
तेज,sharp,chak,Translation
मंद,dull,lo chak,Translation
मीठा,sweet,mithei,Translation
खट्टा,sour,chhe,Translation
कड़वा,bitter,ka,Translation
नमकीन,salty,chi,Translation
तीखा,spicy,ka,Translation
ताजा,fresh,thar,Translation
सड़ा,rotten,thit,Translation
युवा,young,tinah,Translation
लंबा,tall,sang,Translation
चौड़ा,wide,sang lei,Translation
संकीर्ण,narrow,tawi lei,Translation
बंद,closed,khum,Translation
महंगा,expensive,sum leng,Translation
सस्ता,cheap,sum nung,Translation
बेहतरीन,excellent,tha tak,Translation
अच्छा किया,well done,thawk tha,Translation
अच्छा काम,good job,tha tak,Translation
फिर कोशिश करो,try again,bei thawh ang,Translation
सुधार,improve,tihchangtlun rawh,Translation
ध्यान,focus,ngaithla,Translation
लुबा,red,sen,Translation
गुनाउ,blue,dum hring,Translation
गिसिन,green,hring,Translation
खुंगा,black,dum,Translation
फुथार,white,var,Translation
नारेङ्गि रोङ,orange,orange,Translation
गुलाफि,pink,pink,Translation
दाम रोङ,brown,vawk,Translation
बेगुनि,purple,sen dum,Translation
सोहाय रोङ,gray,var dum,Translation
सुनहरा,gold,senai,Translation
चाँदी,silver,silfar,Translation
रंग,color,sen,Translation
चौकोर,square,square,Translation
सामफोर,triangle,triangle,Translation
आयत,rectangle,rectangle,Translation
लाइन,line,line,Translation
आकृति,shape,shape,Translation
आकार,size,size,Translation
वजन,weight,rit,Translation
लंबाई,length,sei,Translation
ऊंचाई,height,sang,Translation
चौड़ाई,width,lei,Translation
गहराई,depth,um,Translation
क्षेत्रफल,area,hmun zat,Translation
आयतन,volume,vol,Translation
नम्बर,number,phal,Translation
नै,two,pahnih,Translation
थाम,three,pathum,Translation
ब्राय,four,pali,Translation
बा,five,panga,Translation
रो,six,ruk,Translation
श्नि,seven,sarih,Translation
जात,eight,riat,Translation
स्कौ,nine,kua,Translation
दस,ten,sawm,Translation
कुइ,twenty,sawm pahnih,Translation
तिनकुइ,thirty,sawm thum,Translation
ब्राइकुइ,forty,sawm pali,Translation
बायकुइ,fifty,sawm panga,Translation
हजार,thousand,za nget,Translation
दस लाख,million,million,Translation
गिबि,first,hmasa,Translation
सेकंड,second,second,Translation
तीसरा,third,pathumna,Translation
आगामी,next,hnua la,Translation
पिछला,previous,hmain la,Translation
स्कुल,school,school,Translation
कखा,classroom,classroom,Translation
परिसर,campus,campus,Translation
सुबुं,student,zirlaite,Translation
प्रधानाचार्य,principal,sorkar,Translation
कोच,coach,coach,Translation
गृहशिक्षक,tutor,tutor,Translation
मार्गदर्शक,mentor,guide,Translation
सहपाठी,classmate,classroom midang,Translation
गिबिर,friend,thian,Translation
किताब,book,lehkhabu,Translation
कलम,pen,pen,Translation
पेंसिल,pencil,pencil,Translation
फोरमा,notebook,lehkhabu,Translation
तेबुल,desk,tawltlang,Translation
फुंसा,chair,tumbawh,Translation
काली पट्टी,blackboard,board dum,Translation
सफेद पट्टी,whiteboard,board var,Translation
बोर्ड,board,board,Translation
सुफुर,chalk,chalk,Translation
मेसनाय,eraser,eraser,Translation
खुनदै,ruler,scale,Translation
पुस्तकालय,library,library,Translation
लैब,lab,lab,Translation
विषय,subject,zirthing,Translation
गणित,math,mathematics,Translation
विज्ञान,science,science,Translation
इतिहास,history,history,Translation
भूगोल,geography,geography,Translation
भाषा,language,language,Translation
कला,arts,arts,Translation
खेल,sport,sport,Translation
संगीत,music,music,Translation
कंप्यूटर,computer,computer,Translation
बोडो,bodo,bodo,Translation
मिजो,mizo,mizo,Translation
मातृभाषा,mother tongue,mother language,Translation
क्षेत्रीय भाषा,regional language,region language,Translation
होमवर्क,homework,hriselna thawn,Translation
परीखा,exam,inkhawm thleng,Translation
सवाल,question,zawhna,Translation
अभ्यास,practice,practice,Translation
उदाहरण,example,example,Translation
व्यायाम,exercise,thawk,Translation
परियोजना,project,project,Translation
समूह,group,group,Translation
जोड़ी,pair,paihra,Translation
प्रस्तुति,presentation,presentation,Translation
कार्य,assignment,thawk,Translation
रिपोर्ट,report,report,Translation
प्रश्नोत्तरी,quiz,quiz,Translation
पुनरावृत्ति,revision,review,Translation
सारांश,summary,summary,Translation
नोट्स,notes,notes,Translation
शब्दकोश,dictionary,dictionary,Translation
पर्यायवाची,thesaurus,thesaurus,Translation
उदाहरण वाक्य,example sentence,sentence example,Translation
अभ्यास प्रश्न,practice question,practice zawhna,Translation
कक्षा,class,class,Translation
घंटा,period,darkar,Translation
विश्राम,break,rest,Translation
दोपहर का खाना,lunch,tlêm chaw,Translation
सभा,assembly,assembly,Translation
अवकाश,vacation,ni an,Translation
अवधि,term,term,Translation
सेमेस्टर,semester,semester,Translation
वार्षिक,yearly,kum,Translation
मासिक,monthly,thla,Translation
साप्ताहिक,weekly,kar,Translation
दैनिक,daily,ni,Translation
समय,time,hun,Translation
आज,today,tun ni,Translation
कल,tomorrow,tukleha,Translation
अभी,now,nisa,Translation
बाद में,later,hnua la,Translation
जल्द,soon,tui zet,Translation
हमेशा,always,zawng zawng,Translation
कभी नहीं,never,aih lo,Translation
कभी-कभी,sometimes,diw diw,Translation
अक्सर,often,nasa nasa,Translation
कम,rarely,hlem,Translation
आमतौर पर,usually,nasa zawk,Translation
फिर,again,thawh,Translation
सुबह,morning,zing,Translation
दोपहर,afternoon,tlêm,Translation
शाम,evening,zan tlêm,Translation
रात,night,zan,Translation
दिन,day,ni,Translation
सप्ताह,week,kar,Translation
महीना,month,thla,Translation
साल,year,kum,Translation
मिनट,minute,minute,Translation
समय सीमा,deadline,hun khat,Translation
देय,due,hun lo,Translation
देर,late,tling,Translation
तुरंत,immediate,nisa,Translation
उपस्थिति,attendance,lo,Translation
मौजूद,present,lo,Translation
अनुपस्थित,absent,aih lo,Translation
अनुमति,permission,duh,Translation
लोग,people,mi,Translation
माता,mother,nu,Translation
पिता,father,pa,Translation
भाई,brother,naupa,Translation
बहन,sister,thlai,Translation
पुत्र,son,fapa,Translation
पुत्री,daughter,fate,Translation
दादा,grandfather,tetu,Translation
दादी,grandmother,pui,Translation
चाचा,uncle,nau pa,Translation
चाची,aunt,nau nu,Translation
पति,husband,pa,Translation
पत्नी,wife,nu,Translation
बच्चा,child,naupang,Translation
शिशु,baby,naupang te,Translation
परिवार,family,pui,Translation
घर,home,in,Translation
गांव,village,zaitu,Translation
कस्बा,town,town,Translation
शहर,city,khawpui,Translation
राज्य,state,hmun,Translation
देश,country,ram,Translation
राजधानी,capital,khawpui ber,Translation
सड़क,street,lam,Translation
रास्ता,road,kawng,Translation
पता,address,hmun,Translation
फोन,phone,phone,Translation
ईमेल,email,email,Translation
अभिभावक,guardian,enkawl,Translation
नाम,name,hming,Translation
आयु,age,ni zat,Translation
लिंग,gender,pa nu,Translation
रोल नंबर,roll number,phal zat,Translation
पहचान पत्र,ID card,ID card,Translation
स्थान,place,hmun,Translation
बैंक,bank,bank,Translation
डाकघर,post office,post office,Translation
अस्पताल,hospital,hospital,Translation
क्लिनिक,clinic,clinic,Translation
दवाखाना,pharmacy,pharmacy,Translation
पुलिस स्टेशन,police station,police station,Translation
अग्निशमन स्टेशन,fire station,fire station,Translation
बस स्टॉप,bus stop,bus stop,Translation
रेलवे स्टेशन,train station,train station,Translation
हवाई अड्डा,airport,airport,Translation
स्टेशन,station,station,Translation
बाजार,market,market,Translation
दुकान,shop,shop,Translation
वाहन,vehicle,motor,Translation
कार,car,motor,Translation
बस,bus,bus,Translation
ट्रेन,train,train,Translation
साइकिल,bicycle,baisakul,Translation
मोटरबाइक,motorbike,motorbike,Translation
ट्रक,truck,truck,Translation
टैक्सी,taxi,taxi,Translation
नाव,boat,lawng,Translation
जहाज,ship,ship,Translation
हवाई जहाज,plane,plane,Translation
टिकट,ticket,ticket,Translation
किराया,fare,thlan,Translation
खाना,food,chaw,Translation
चावल,rice,buh,Translation
ब्रेड,bread,puawn,Translation
पानी,water,tui,Translation
दूध,milk,tui tul,Translation
चाय,tea,ti,Translation
कॉफी,coffee,coffee,Translation
जूस,juice,juice,Translation
अंडा,egg,arhte,Translation
मांस,meat,sa,Translation
मछली,fish,sangha,Translation
चिकन,chicken,ar,Translation
फल,fruit,thei,Translation
सब्जी,vegetable,thing hring,Translation
नमक,salt,chi,Translation
शक्कर,sugar,chhe,Translation
मसाला,spice,ka,Translation
तेल,oil,thau,Translation
माखन,butter,sak puan,Translation
शहद,honey,khuai,Translation
नाश्ता,breakfast,zing chaw,Translation
रात का खाना,dinner,zan chaw,Translation
मेनू,menu,menu,Translation
कीमत,price,thlan,Translation
शाकाहारी,vegetarian,thing hring ei,Translation
पैसा,money,sum,Translation
ग्राहक,customer,customer,Translation
रसीद,receipt,receipt,Translation
बिल,bill,bill,Translation
बटुआ,wallet,wallet,Translation
कपड़े,clothes,thawhtute,Translation
शर्ट,shirt,shirt,Translation
पैंट,pants,pants,Translation
स्कर्ट,skirt,skirt,Translation
ड्रेस,dress,dress,Translation
जूता,shoe,kengkawng,Translation
मोजे,socks,socks,Translation
टोपी,hat,lukawng,Translation
कैप,cap,cap,Translation
बैग,bag,khaw,Translation
बोतल,bottle,bottle,Translation
गिलास,glass,glass,Translation
प्लेट,plate,bel,Translation
चम्मच,spoon,theikhia,Translation
कांटा,fork,fork,Translation
चाकू,knife,hrai,Translation
कप,cup,khawm,Translation
वाक्य,sentence,sawipui,Translation
अनुच्छेद,paragraph,chhiarphung,Translation
शब्द,word,thilpek,Translation
मुहावरा,phrase,phrase,Translation
शब्दावली,vocabulary,vocabulary,Translation
व्याकरण,grammar,grammar,Translation
क्रिया,verb,verb,Translation
संज्ञा,noun,noun,Translation
विशेषण,adjective,adjective,Translation
क्रियाविशेषण,adverb,adverb,Translation
सर्वनाम,pronoun,pronoun,Translation
पूर्वसर्ग,preposition,preposition,Translation
संयोजक,conjunction,conjunction,Translation
लेख,article,article,Translation
विराम चिह्न,punctuation,punctuation,Translation
बड़ा अक्षर,capital letter,capital letter,Translation
छोटा अक्षर,lowercase,lowercase,Translation
वर्णमाला,alphabet,alphabet,Translation
अक्षर,letter,letter,Translation
अर्थ,meaning,awmzia,Translation
परिभाषा,definition,definition,Translation
वर्तनी,spelling,spelling,Translation
उच्चारण,pronunciation,pronunciation,Translation
समानार्थी,synonym,same word,Translation
विलोम,antonym,opposite,Translation
अनुवाद करो,translate to,translate la,Translation
से अनुवाद,translate from,atanga translate,Translation
अनुवाद,translation,translate,Translation
धीरे बोलो,speak slowly,zawi deuh in sawi,Translation
स्पष्ट बोलो,speak clearly,sawi dik,Translation
मेरे बाद दोहराओ,repeat after me,ka hnua nawn rawh,Translation
सुनो और दोहराओ,listen and repeat,ngai le nawn rawh,Translation
जोर से जवाब दो,answer loudly,ko leng chhan pe,Translation
साफ लिखो,write neatly,ziak thianghlim,Translation
स्पष्ट लिखो,write clearly,ziak dik,Translation
लेबल,label,label,Translation
आरेख,diagram,diagram,Translation
विपरीत करो,contrast,se cia siam rawh,Translation
विश्लेषण करो,analyse,zir thang rawh,Translation
सारांश दो,summarize,summary siam rawh,Translation
भविष्यवाणी करो,predict,hmachuah siam rawh,Translation
परिकल्पना,hypothesis,hypothesis,Translation
प्रयोग,experiment,experiment,Translation
देखो,observe,en rawh,Translation
मापो,measure,teh rawh,Translation
दर्ज करो,record,ziak rawh,Translation
आंकड़े,data,data,Translation
ग्राफ,graph,graph,Translation
तालिका,table,table,Translation
चार्ट,chart,chart,Translation
नक्शा,map,map,Translation
मॉडल,model,model,Translation
सामग्री,material,material,Translation
उपकरण,tool,tool,Translation
सुरक्षा,safety,safety,Translation
नियम,rule,rule,Translation
निर्देश,instruction,instruction,Translation
दिशा,direction,kawng,Translation
प्रक्रिया,procedure,procedure,Translation
विधि,method,method,Translation
परिणाम,result,result,Translation
निष्कर्ष,conclusion,conclusion,Translation
चर्चा,discussion,discussion,Translation
प्रस्तुति कौशल,presentation skills,presentation skills,Translation
आत्मविश्वास,confidence,confidence,Translation
भागीदारी,participation,participation,Translation
व्यवहार,behaviour,behaviour,Translation
अनुशासन,discipline,discipline,Translation
सम्मान,respect,respect,Translation
अंकन,marking,marking,Translation
प्रतिक्रिया,feedback,feedback,Translation
टिप्पणी,comment,comment,Translation
अनुमति मांगो,ask permission,duh zawt rawh,Translation
हाथ उठाओ,raise hand,kut kalh rawh,Translation
बारी लो,take turns,hun hun ka thi rawh,Translation
धोखा,cheat,cheat,Translation
सहयोग,collaborate,collaborate,Translation
तकनीक,technology,technology,Translation
वेबसाइट,website,website,Translation
इंटरनेट,internet,internet,Translation
ऑफलाइन,offline,offline,Translation
ऑनलाइन,online,online,Translation
संदेश,message,message,Translation
चैट,chat,chat,Translation
वीडियो कॉल,video call,video call,Translation
कैमरा,camera,camera,Translation
माइक्रोफोन,microphone,microphone,Translation
स्पीकर,speaker,speaker,Translation
स्क्रीन,screen,screen,Translation
कीबोर्ड,keyboard,keyboard,Translation
माउस,mouse,mouse,Translation
प्रिंटर,printer,printer,Translation
स्कैनर,scanner,scanner,Translation
यूएसबी,USB,USB,Translation
फाइल,file,file,Translation
फोल्डर,folder,folder,Translation
दस्तावेज़,document,document,Translation
फाइल खोलो,open file,file hawng rawh,Translation
पासवर्ड,password,password,Translation
उपयोगकर्ता नाम,username,username,Translation
सेटिंग्स,settings,settings,Translation
ऐप,app,app,Translation
खांनो,can,thei,Translation
खांनो होयो,could,thei ang,Translation
खांनो बाहाय,might,thei ang,Translation
आं दङ,am,ka ni,Translation
होनो,was,a ni ta,Translation
होयायनाय,being,ni mek,Translation
होनो आरो,had,a nei ta,Translation
आरोनाय,having,nei mek,Translation
होनो थां,did,a tih ta,Translation
थां दङ,doing,tih mek,Translation
थांखो,because,chuvang,Translation
होयो दिनाय,although,mahse,Translation
बेलाथाव,while,hun lai,Translation
नाङा होयो,unless,aih lo chu chu,Translation
कारण से,because of,chuvang,Translation
ताकि,in order to,chuvang,Translation
जैसे,as if,ngai thla,Translation
जब तक,as long as,hun lai,Translation
जैसे ही,as soon as,chu chu,Translation
भले ही,even if,chu chu dey,Translation
हालांकि,however,mahse,Translation
इसलिए,therefore,chuvang,Translation
इस प्रकार,thus,chuvang,Translation
इसके अलावा,besides,a thui le,Translation
मावनो,when,engtin,Translation
माबाव,why,engvangin,Translation
जोबोन,how,engtin,Translation
जोबोन नम्बर,how many,engzat,Translation
जोबोन सान,how much,engzat,Translation
अधिक,more,nasa,Translation
बहुत,many,nasa,Translation
सब,all,zawng zawng,Translation
कुछ,some,emaw,Translation
कोई नहीं,none,aih,Translation
हर,every,kumsa kumsa,Translation
प्रत्येक,each,kumsa kumsa,Translation
दोनों,both,pahnih,Translation
कोई भी,either,emaw,Translation
न तो,neither,aih loah,Translation
अन्य,other,dang,Translation
और,another,dang,Translation
अं,yes,awle,Translation
नङा,no,aih,Translation
ठीक,ok,ok,Translation
सहमत,agreed,ok ta,Translation
असहमत,disagree,dik lo,Translation
chu,the,बे,Translation
pakhat,a,सै,Translation
chungah,in,आव,Translation
chunga,on,आव गुबुन,Translation
ah,at,आव,Translation
ta,of,नि,Translation
atanga,from,नायनो,Translation
nen,with,लानो,Translation
telin,without,बानाय,Translation
hmangin,by,जों,Translation
chung ah,into,आव गोजौथिनो,Translation
a chung,over,मुंथाय,Translation
chhuak,out,सोहाय,Translation
sang,up,मुंथाय,Translation
hniam,down,नामथाय,Translation
eng,about,मा,Translation
inkarah,between,दो आव गुबुनथाव,Translation
khaw chunga,among,गुबुनसोनो,Translation
hmain,before,आगाथाव,Translation
hnua,after,उनाव,Translation
pawnah,around,गुबुनथाय,Translation
kawl tuiloh,outside,बोहाय,Translation
thang,far,गुर मायनो,Translation
chhuk,left,दिनाय,Translation
dik,right,गोजौ,Translation
taksa,center,बिसार,Translation
kei,I,आं,Translation
nang,you,नं,Translation
ama,he,बि,Translation
ani,she,बि,Translation
kan,we,बे,Translation
anni,they,बिफां,Translation
ka,my,आंनि,Translation
tu,who,सोर,Translation
eng nge,which,मो,Translation
tu ta,whose,सोरनि,Translation
ni,be,होयो,Translation
nei,have,आरो,Translation
tih,do,थां,Translation
kal,go,होयो,Translation
lo,come,लाबो,Translation
sawi,say,फार,Translation
siam,make,सिर्गुन,Translation
pe rawh,give,दों,Translation
lo la,take,खाय,Translation
hmu,see,नायदोन,Translation
hrethiam,know,मोजान,Translation
thiam,think,मोनो होयो,Translation
duh,want,गोनांथि,Translation
hman,use,बाहाय,Translation
hmuh rawh,find,खोजो,Translation
thawk,work,गोब थ,Translation
bei,try,नायदोनाय,Translation
dah,leave,छुट्टी,Translation
awmzia,mean,मानथाय दङ,Translation
thei,let,हायो,Translation
tan,begin,होनना,Translation
tihdam rawh,help,मदद थ,Translation
mamawh,need,गोनांथि,Translation
lung,feel,मोनो दङ,Translation
ngaithla,seem,नायदोन दङ,Translation
chhiar,read,पाठ,Translation
ziak,write,लिर,Translation
ngai,listen,नुं,Translation
thusawi,speak,फोथाय,Translation
zir,learn,होनना,Translation
zirtir hman,teach,उखार,Translation
hawng,open,खुला,Translation
khum rawh,close,बोन,Translation
thu,sit,फुं,Translation
ding,stand,दिंना,Translation
tlan,run,रेबगोन,Translation
zuang,jump,फार,Translation
kalh rawh,raise,थोन,Translation
hniam rawh,lower,नामथिनो,Translation
chhut rawh,calculate,गणना करो,Translation
chinfel rawh,solve,हल करो,Translation
sawifiah rawh,explain,समझाओ,Translation
hriazaih rawh,describe,वर्णन करो,Translation
zirtlai rawh,compare,तुलना करो,Translation
enfin rawh,check,सायगोन,Translation
translate rawh,translate,अनुवाद थ,Translation
spell rawh,spell,स्पेलिंग थ,Translation
sawi dik rawh,pronounce,उच्चार थ,Translation
sign rawh,highlight,चिन्ह थ,Translation
line rawh,underline,रेखा खींचना,Translation
thiangvawl,circle,गोल,Translation
kawng rawh,cross,खींचना,Translation
hmun hnuai rawh,lead,आगे बढना,Translation
hnua a kal rawh,follow,पीछे चलना,Translation
sem rawh,share,साझा करो,Translation
chhap rawh,stop,रुकना,Translation
tan rawh,start,शुरू करना,Translation
khap la rawh,pause,रुकना,Translation
chhung zel rawh,continue,जारी रखना,Translation
zawt rawh,ask,पूछना,Translation
chhan,answer,जवाब,Translation
ngai thil takin,listen carefully,ध्यान से सुनना,Translation
ngaithla rawh,pay attention,ध्यान देना,Translation
nawn rawh,repeat,दोहराना,Translation
chhiar rawh,read aloud,जोर से पढना,Translation
dâwiin chhiar rawh,silent reading,चुप पढना,Translation
group thawk rawh,group work,समूह में काम,Translation
paihra thawk rawh,pair work,जोड़ी में काम,Translation
project thawk rawh,project work,परियोजना काम,Translation
tho rawh,wake up,जाग जाना,Translation
thawk rawh,get up,उठ जाना,Translation
mut rawh,sleep,सोना,Translation
chaw siam,cook,पकाना,Translation
la,buy,खरीदना,Translation
thleng,sell,बेचना,Translation
sum pe,pay,भुगतान,Translation
dah rawh,save,सहेजो,Translation
tih dah rawh,delete,हटाओ,Translation
copy siam rawh,copy,नकल करो,Translation
paste siam rawh,paste,चिपकाओ,Translation
hun siam,schedule,समय सारणी,Translation
lo rawh,attend,उपस्थित होना,Translation
en,visit,दौरा,Translation
kal lo,travel,यात्रा,Translation
tha,good,गोजौ,Translation
tha lo,bad,गोरलाव,Translation
lian,big,गोडां,Translation
te,small,गिदिर,Translation
thar,new,गोनां आव,Translation
ni tang,old,बुजुर्ग,Translation
chak,fast,फोरां,Translation
zawi,slow,लायो,Translation
fiam,easy,सालां,Translation
huna,difficult,नाङथाइ,Translation
lum,hot,गोलाव,Translation
vawt,cold,गान,Translation
lum awl,warm,गोलाव,Translation
vawt awl,cool,गान,Translation
sei,long,जौगा,Translation
tawi,short,छोटा,Translation
hlim,happy,गोनां,Translation
ngai dam,sad,दुःख,Translation
thianghlim,clean,सुगु,Translation
bo,dirty,मायरा,Translation
chakawm,strong,गुसुम,Translation
tawtchhuah,weak,बोसोर,Translation
dik lo,wrong,मोनो,Translation
dik leiah,same,बे दिनाय नां,Translation
se cia,different,बे दिनाय,Translation
pawimawh,important,गोनां लै,Translation
duh hmasa,optional,इच्छानुसार,Translation
tur,required,अनिवार्य,Translation
bo hlim,rude,अशिष्ट,Translation
tihdam bik,helpful,सहायक,Translation
khat theuh,cooperative,सहयोगी,Translation
enkawl a tlaih,responsible,जिम्मेदार,Translation
hun dik,punctual,समय पर,Translation
an dik,honest,सच्चा,Translation
ko leng,loud,ऊंचा आवाज,Translation
dâwiin,quiet,शांत,Translation
dum,dark,अंधकार,Translation
tui kaih,wet,भीगा,Translation
khup,dry,सूखा,Translation
kumhel,full,भरा,Translation
awl ang,empty,खाली,Translation
rit,heavy,भारी,Translation
awlsam,light,हल्का,Translation
chi,hard,कठोर,Translation
sual,rough,खुरदुरा,Translation
lo chak,dull,मंद,Translation
mithei,sweet,मीठा,Translation
chhe,sour,खट्टा,Translation
thit,rotten,सड़ा,Translation
tinah,young,युवा,Translation
sang lei,wide,चौड़ा,Translation
tawi lei,narrow,संकीर्ण,Translation
khum,closed,बंद,Translation
sum leng,expensive,महंगा,Translation
sum nung,cheap,सस्ता,Translation
tha tak,excellent,बेहतरीन,Translation
thawk tha,well done,अच्छा किया,Translation
bei thawh ang,try again,फिर कोशिश करो,Translation
tihchangtlun rawh,improve,सुधार,Translation
sen,red,लुबा,Translation
dum hring,blue,गुनाउ,Translation
hring,green,गिसिन,Translation
var,white,फुथार,Translation
vawk,brown,दाम रोङ,Translation
sen dum,purple,बेगुनि,Translation
var dum,gray,सोहाय रोङ,Translation
senai,gold,सुनहरा,Translation
silfar,silver,चाँदी,Translation
lei,width,चौड़ाई,Translation
um,depth,गहराई,Translation
hmun zat,area,क्षेत्रफल,Translation
vol,volume,आयतन,Translation
phal,number,नम्बर,Translation
khat,one,सै,Translation
pahnih,two,नै,Translation
pathum,three,थाम,Translation
pali,four,ब्राय,Translation
panga,five,बा,Translation
ruk,six,रो,Translation
sarih,seven,श्नि,Translation
riat,eight,जात,Translation
kua,nine,स्कौ,Translation
sawm,ten,दस,Translation
sawm pahnih,twenty,कुइ,Translation
sawm thum,thirty,तिनकुइ,Translation
sawm pali,forty,ब्राइकुइ,Translation
sawm panga,fifty,बायकुइ,Translation
za,hundred,सै,Translation
za nget,thousand,हजार,Translation
hmasa,first,गिबि,Translation
pathumna,third,तीसरा,Translation
hnua la,next,आगामी,Translation
hmain la,previous,पिछला,Translation
zirtirtu,teacher,उखार,Translation
zirlaite,student,सुबुं,Translation
sorkar,principal,प्रधानाचार्य,Translation
guide,mentor,मार्गदर्शक,Translation
classroom midang,classmate,सहपाठी,Translation
thian,friend,गिबिर,Translation
lehkhabu,book,किताब,Translation
tawltlang,desk,तेबुल,Translation
tumbawh,chair,फुंसा,Translation
board dum,blackboard,काली पट्टी,Translation
board var,whiteboard,सफेद पट्टी,Translation
scale,ruler,खुनदै,Translation
zirthing,subject,विषय,Translation
mathematics,math,गणित,Translation
mother language,mother tongue,मातृभाषा,Translation
region language,regional language,क्षेत्रीय भाषा,Translation
hriselna thawn,homework,होमवर्क,Translation
inkhawm thleng,exam,परीखा,Translation
zawhna,question,सवाल,Translation
paihra,pair,जोड़ी,Translation
review,revision,पुनरावृत्ति,Translation
sentence example,example sentence,उदाहरण वाक्य,Translation
practice zawhna,practice question,अभ्यास प्रश्न,Translation
darkar,period,घंटा,Translation
rest,break,विश्राम,Translation
tlêm chaw,lunch,दोपहर का खाना,Translation
ni khum,holiday,छुट्टी,Translation
ni an,vacation,अवकाश,Translation
kum,yearly,वार्षिक,Translation
thla,monthly,मासिक,Translation
kar,weekly,साप्ताहिक,Translation
hun,time,समय,Translation
tun ni,today,आज,Translation
tukleha,tomorrow,कल,Translation
zanin,yesterday,कल,Translation
nisa,now,अभी,Translation
tui zet,soon,जल्द,Translation
zawng zawng,always,हमेशा,Translation
aih lo,never,कभी नहीं,Translation
diw diw,sometimes,कभी-कभी,Translation
nasa nasa,often,अक्सर,Translation
hlem,rarely,कम,Translation
nasa zawk,usually,आमतौर पर,Translation
thawh,again,फिर,Translation
zing,morning,सुबह,Translation
tlêm,afternoon,दोपहर,Translation
zan tlêm,evening,शाम,Translation
zan,night,रात,Translation
hun khat,deadline,समय सीमा,Translation
hun lo,due,देय,Translation
tling,late,देर,Translation
mi,people,लोग,Translation
nu,mother,माता,Translation
pa,father,पिता,Translation
naupa,brother,भाई,Translation
thlai,sister,बहन,Translation
fapa,son,पुत्र,Translation
fate,daughter,पुत्री,Translation
tetu,grandfather,दादा,Translation
pui,grandmother,दादी,Translation
nau pa,uncle,चाचा,Translation
nau nu,aunt,चाची,Translation
naupang,child,बच्चा,Translation
naupang te,baby,शिशु,Translation
zaitu,village,गांव,Translation
khawpui,city,शहर,Translation
hmun,state,राज्य,Translation
ram,country,देश,Translation
khawpui ber,capital,राजधानी,Translation
lam,street,सड़क,Translation
kawng,road,रास्ता,Translation
enkawl,guardian,अभिभावक,Translation
hming,name,नाम,Translation
ni zat,age,आयु,Translation
pa nu,gender,लिंग,Translation
phal zat,roll number,रोल नंबर,Translation
motor,vehicle,वाहन,Translation
baisakul,bicycle,साइकिल,Translation
lawng,boat,नाव,Translation
thlan,fare,किराया,Translation
chaw,food,खाना,Translation
buh,rice,चावल,Translation
puawn,bread,ब्रेड,Translation
tui,water,पानी,Translation
tui tul,milk,दूध,Translation
ti,tea,चाय,Translation
arhte,egg,अंडा,Translation
sa,meat,मांस,Translation
sangha,fish,मछली,Translation
ar,chicken,चिकन,Translation
thing hring,vegetable,सब्जी,Translation
thau,oil,तेल,Translation
sak puan,butter,माखन,Translation
khuai,honey,शहद,Translation
zing chaw,breakfast,नाश्ता,Translation
zan chaw,dinner,रात का खाना,Translation
chaw te,snack,नाश्ता,Translation
thing hring ei,vegetarian,शाकाहारी,Translation
sum,money,पैसा,Translation
thawhtute,clothes,कपड़े,Translation
kengkawng,shoe,जूता,Translation
lukawng,hat,टोपी,Translation
khaw,bag,बैग,Translation
bel,plate,प्लेट,Translation
theikhia,spoon,चम्मच,Translation
hrai,knife,चाकू,Translation
khawm,cup,कप,Translation
sawipui,sentence,वाक्य,Translation
chhiarphung,paragraph,अनुच्छेद,Translation
thilpek,word,शब्द,Translation
same word,synonym,समानार्थी,Translation
opposite,antonym,विलोम,Translation
translate la,translate to,अनुवाद करो,Translation
atanga translate,translate from,से अनुवाद,Translation
zawi deuh in sawi,speak slowly,धीरे बोलो,Translation
sawi dik,speak clearly,स्पष्ट बोलो,Translation
ka hnua nawn rawh,repeat after me,मेरे बाद दोहराओ,Translation
ngai le nawn rawh,listen and repeat,सुनो और दोहराओ,Translation
ko leng chhan pe,answer loudly,जोर से जवाब दो,Translation
ziak thianghlim,write neatly,साफ लिखो,Translation
ziak dik,write clearly,स्पष्ट लिखो,Translation
se cia siam rawh,contrast,विपरीत करो,Translation
zir thang rawh,analyse,विश्लेषण करो,Translation
summary siam rawh,summarize,सारांश दो,Translation
hmachuah siam rawh,predict,भविष्यवाणी करो,Translation
en rawh,observe,देखो,Translation
teh rawh,measure,मापो,Translation
ziak rawh,record,दर्ज करो,Translation
duh zawt rawh,ask permission,अनुमति मांगो,Translation
kut kalh rawh,raise hand,हाथ उठाओ,Translation
hun hun ka thi rawh,take turns,बारी लो,Translation
file hawng rawh,open file,फाइल खोलो,Translation
thei ang,could,खांनो होयो,Translation
ang,will,गोनां,Translation
ngei tur,must,गोनांथि,Translation
ka ni,am,आं दङ,Translation
a ni,is,आरो,Translation
an ni,are,आरो,Translation
a ni ta,was,होनो,Translation
an ni ta,were,होनो,Translation
ni mek,being,होयायनाय,Translation
ni ta,been,होयो,Translation
a nei,has,आरो,Translation
a nei ta,had,होनो आरो,Translation
nei mek,having,आरोनाय,Translation
a tih,does,थां,Translation
a tih ta,did,होनो थां,Translation
tih mek,doing,थां दङ,Translation
leh,and,आरो,Translation
emaw,or,बा,Translation
mahse,but,दिनाय,Translation
chuvang,because,थांखो,Translation
hun lai,while,बेलाथाव,Translation
chu chu,if,बा,Translation
aih lo chu chu,unless,नाङा होयो,Translation
ngai thla,as if,जैसे,Translation
chu chu dey,even if,भले ही,Translation
a thui le,besides,इसके अलावा,Translation
engtin,when,मावनो,Translation
engvangin,why,माबाव,Translation
engzat,how many,जोबोन नम्बर,Translation
nasa,more,अधिक,Translation
aih,none,कोई नहीं,Translation
kumsa kumsa,every,हर,Translation
aih loah,neither,न तो,Translation
dang,other,अन्य,Translation
awle,yes,अं,Translation
ok ta,agreed,सहमत,Translation
priya,प्रिया,Priya,Names
rakesh,राकेश,Rakesh,Names
anjali,अंजली,Anjali,Names
rahul,राहुल,Rahul,Names
kiran,किरण,Kiran,Names
aditi,अदिति,Aditi,Names
suman,सुमन,Suman,Names
manoj,मनोज,Manoj,Names
reena,रीना,Reena,Names
india,इन्डिया,India,Place Names
assam,असम,Assam,Place Names
mizoram,मिजोरम,Mizoram,Place Names
delhi,दिल्ली,Delhi,Place Names
mumbai,मुंबई,Mumbai,Place Names
hyderabad,हैदराबाद,Hyderabad,Place Names
guwahati,गुवाहाटी,Guwahati,Place Names
cousin,— (no direct translation),— (no direct translation),Family
neighbor,— (no direct translation),— (no direct translation),Community
broken,टूटा,phramin,Adjectives
bookstore,किताब की दुकान,bookstore,Places
canteen,कैंटीन,canteen,School Places
playground,खेल का मैदान,playground,School Places
hostel,छात्रावास,hostel,School Places
honesty,ईमानदारी,honesty,Personal Values
responsibility,जिम्मेदारी,responsibility,Personal Values
creative,रचनात्मक,creative,Adjectives
imagination,कल्पना,imagination,Nouns
success,सफलता,success,Nouns
failure,विफलता,failure,Nouns
effort,प्रयास,effort,Nouns
celebrate,मनाना,celebrate,Verbs
festival,त्योहार,festival,Nouns
undo,पूर्ववत्,undo,Computer
redo,पुनः,redo,Computer
simple,सरल,awlsam,Adjectives
complex,जटिल,complex,Adjectives
north,उत्तर,north,Direction
south,दक्षिण,south,Direction
east,पूर्व,east,Direction
west,पश्चिम,west,Direction
route,मार्ग,route,Travel
leader,नेता,leader,Nouns
team,दल,team,Nouns
member,सदस्य,member,Nouns
winner,विजेता,winner,Nouns
loser,हारने वाला,loser,Nouns
training,प्रशिक्षण,training,Nouns
certificate,प्रमाणपत्र,certificate,School
degree,डिग्री,degree,School
admission,प्रवेश,admission,School
application,आवेदन,application,School
interview,साक्षात्कार,interview,School
rank,रैंक,rank,School
scholarship,छात्रवृत्ति,scholarship,School
fee,फीस,fee,School
ticket counter,टिकट काउंटर,ticket counter,Travel
pilot,पायलट,pilot,Occupations
driver,चालक,driver,Occupations
passenger,यात्री,passenger,Travel
children,बच्चे,naupang,Family
infant,शिशु,naupang te,Family
adult,वयस्क,adult,Family
elder,बुजुर्ग,elder,Family
teacher's room,शिक्षक का कमरा,teacher's room,School Places
staff room,स्टाफ कक्ष,staff room,School Places
office,कार्यालय,office,Places
department,विभाग,department,School
section,खंड,section,School
help desk,सहायता डेस्क,help desk,Places
volunteer,स्वयंसेवक,volunteer,Occupations
competition,प्रतियोगिता,competition,School Events
prize,पुरस्कार,prize,School Events
award,पुरस्कार,award,School Events
runner up,उपविजेता,runner up,School Events
noise,शोर,ko leng,Nouns
analysis,विश्लेषण,zir thang rawh,Nouns
communication,संचार,communication,Skills
leadership,नेतृत्व,leadership,Skills
teamwork,सामूहिक कार्य,teamwork,Skills
problem solving,समस्या समाधान,problem solving,Skills
critical thinking,आलोचनात्मक सोच,critical thinking,Skills
decision making,निर्णय लेना,decision making,Skills
creativity,रचनात्मकता,creativity,Skills
innovation,नवाचार,innovation,Skills
engineering,अभियांत्रिकी,engineering,Subjects
statistics,सांख्यिकी,statistics,Subjects
economics,अर्थशास्त्र,economics,Subjects
finance,वित्त,finance,Subjects
marketing,विपणन,marketing,Subjects
sales,बिक्रय,sales,Subjects
government,सरकार,government,Subjects
politics,राजनीति,politics,Subjects
community,समुदाय,community,Society
environment,वातावरण,environment,Environment
climate,जलवायु,climate,Environment
pollution,प्रदूषण,pollution,Environment
recycle,पुनर्चक्र,recycle,Environment
sustainability,स्थिरता,sustainability,Environment
forest fire,जंगल की आग,forest fire,Environment
rainfall,वर्षा,rainfall,Environment
temperature,तापमान,temperature,Environment
global warming,ग्लोबल वार्मिंग,global warming,Environment
carbon emission,कार्बन उत्सर्जन,carbon emission,Environment
medical waste,चिकित्सा अपशिष्ट,medical waste,Environment
hazardous waste,खतरनाक अपशिष्ट,hazardous waste,Environment
donate,दान देना,donate,Community
charity,दान,charity,Community
fundraiser,धनराशि संग्रहकर्ता,fundraiser,Community
support group,सहायता समूह,support group,Community
special needs,विशेष आवश्यकताएं,special needs,Community
counseling,परामर्श,counseling,Services
career guidance,कैरियर मार्गदर्शन,career guidance,School Services
internship,इंटर्नशिप,internship,School Services
job,नौकरी,job,Occupations
vacancy,रिक्ति,vacancy,Occupations
resume,जीवनवृत्त,resume,Documents
cv,सीवी,CV,Documents
portfolio,पोर्टफोलियो,portfolio,Documents
references,संदर्भ,references,Documents
cover letter,कवर पत्र,cover letter,Documents
meeting,बैठक,meeting,Events
calendar,कैलेंडर,calendar,Objects
event,घटना,event,Events
reminder,स्मरणीय,reminder,Nouns
alert,सतर्कता,alert,Nouns
notification,सूचना,notification,Nouns
security,सुरक्षा,security,Computer
backup,बैकअप,backup,Computer
restore,पुनः स्थापित,restore,Computer
server,सर्वर,server,Computer
database,डेटाबेस,database,Computer
api,एपीआई,API,Computer
frontend,फ्रंटएंड,frontend,Computer
backend,बैकएंड,backend,Computer
bug,बग,bug,Computer
error,त्रुटि,error,Computer
fix,ठीक करना,fix,Verbs
software,सॉफ्टवेयर,software,Computer
hardware,हार्डवेयर,hardware,Computer
network,नेटवर्क,network,Computer
wifi,वाईफाई,wifi,Computer
bluetooth,ब्लूटूथ,bluetooth,Computer
signal,संकेत,signal,Computer
speed,गति,speed,Nouns
battery,बैटरी,battery,Computer
charger,चार्जर,charger,Computer
wireless,वायरलेस,wireless,Computer
power,शक्ति,power,Nouns
restart,पुनः प्रारंभ,restart,Computer
shutdown,बंद करना,shutdown,Verbs
duster,झाड़न,duster,Objects
soap,साबुन,soap,Objects
water tap,नल,water tap,Objects
bucket,बाल्टी,bucket,Objects
mop,पोंछा,mop,Objects
broom,झाड़ू,broom,Objects
dustbin,कूड़ेदान,dustbin,Objects
cleaner,सफाई कर्मचारी,cleaner,Occupations
gardener,माली,gardener,Occupations
security guard,सुरक्षा गार्ड,security guard,Occupations
gate,फाटक,gate,Objects
parking,पार्किंग,parking,Places
field,खेत,field,Places
court,अदालत,court,Places
football,फुटबॉल,football,Sports
cricket,क्रिकेट,cricket,Sports
volleyball,वॉलीबॉल,volleyball,Sports
running,दौड़ना,running,Sports
jumping,कूदना,jumping,Sports
swimming,तैराकी,swimming,Sports
trainer,प्रशिक्षक,trainer,Occupations
whistle,सीटी,whistle,Objects
stopwatch,स्टॉपवॉच,stopwatch,Objects
team captain,दल कप्तान,team captain,Sports
scoreboard,स्कोरबोर्ड,scoreboard,Sports
auditorium,सभागार,auditorium,Places
stage,मंच,stage,Objects
mic,माइक,mic,Objects
spotlight,स्पॉटलाइट,spotlight,Objects
curtain,पर्दा,curtain,Objects
sound system,ध्वनि प्रणाली,sound system,Objects
projector,प्रोजेक्टर,projector,Objects
smartboard,स्मार्टबोर्ड,smartboard,Objects
wifi router,वाईफाई राउटर,wifi router,Computer
air conditioner,एयर कंडीशनर,air conditioner,Objects
fan,पंखा,fan,Objects
switch,स्विच,switch,Objects
plug,प्लग,plug,Objects
socket,सॉकेट,socket,Objects
power cut,बिजली कटौती,power cut,Events
generator,जनरेटर,generator,Objects
inverter,इनवर्टर,inverter,Objects
aarav,आरव,Aarav,Person Names
advait,अद्वैत,Advait,Person Names
akhil,अखिल,Akhil,Person Names
amit,अमित,Amit,Person Names
amar,अमर,Amar,Person Names
anand,आनंद,Anand,Person Names
aniket,अनिकेत,Aniket,Person Names
arjun,अर्जुन,Arjun,Person Names
aryan,आर्यन,Aryan,Person Names
ashok,अशोक,Ashok,Person Names
bala,बाला,Bala,Person Names
bharath,भरत,Bharath,Person Names
bhavesh,भवेश,Bhavesh,Person Names
charan,चरण,Charan,Person Names
chaitanya,चैतन्य,Chaitanya,Person Names
daksh,दक्ष,Daksh,Person Names
darshan,दर्शन,Darshan,Person Names
deepak,दीपक,Deepak,Person Names
dev,देव,Dev,Person Names
dhanush,धनुष,Dhanush,Person Names
dinesh,दिनेश,Dinesh,Person Names
durga prasad,दुर्गा प्रसाद,Durga Prasad,Person Names
gaurav,गौरव,Gaurav,Person Names
ganesh,गणेश,Ganesh,Person Names
girish,गिरीश,Girish,Person Names
govind,गोविंद,Govind,Person Names
harish,हरीश,Harish,Person Names
harsha,हर्ष,Harsha,Person Names
hemant,हेमंत,Hemant,Person Names
ishan,ईशान,Ishan,Person Names
jatin,जतिन,Jatin,Person Names
jay,जय,Jay,Person Names
jeevan,जीवन,Jeevan,Person Names
jitendra,जितेंद्र,Jitendra,Person Names
kamal,कमल,Kamal,Person Names
karan,करण,Karan,Person Names
karthik,कार्तिक,Karthik,Person Names
keshav,केशव,Keshav,Person Names
krishna,कृष्ण,Krishna,Person Names
lakshman,लक्ष्मण,Lakshman,Person Names
lohith,लोहित,Lohith,Person Names
mahesh,महेश,Mahesh,Person Names
mayur,मयूर,Mayur,Person Names
mohan,मोहन,Mohan,Person Names
mukesh,मुकेश,Mukesh,Person Names
naveen,नवीन,Naveen,Person Names
narendra,नरेंद्र,Narendra,Person Names
nikhil,निखिल,Nikhil,Person Names
niranjan,निरंजन,Niranjan,Person Names
omkar,ओमकार,Omkar,Person Names
pankaj,पंकज,Pankaj,Person Names
pavan,पवन,Pavan,Person Names
pradeep,प्रदीप,Pradeep,Person Names
prakash,प्रकाश,Prakash,Person Names
pranav,प्रणव,Pranav,Person Names
pratap,प्रताप,Pratap,Person Names
prem,प्रेम,Prem,Person Names
raj,राज,Raj,Person Names
raja,राजा,Raja,Person Names
rajesh,राजेश,Rajesh,Person Names
ravi,रवि,Ravi,Person Names
rohit,रोहित,Rohit,Person Names
sachin,सचिन,Sachin,Person Names
sagar,सागर,Sagar,Person Names
sai,साई,Sai,Person Names
sandeep,संदीप,Sandeep,Person Names
santhosh,संतोष,Santhosh,Person Names
sarath,सारथ,Sarath,Person Names
satish,सतीश,Satish,Person Names
saurabh,सौरभ,Saurabh,Person Names
shankar,शंकर,Shankar,Person Names
shashank,शशांक,Shashank,Person Names
shiva,शिव,Shiva,Person Names
siddharth,सिद्धार्थ,Siddharth,Person Names
sooraj,सूरज,Sooraj,Person Names
subhash,सुभाष,Subhash,Person Names
sudeep,सुदीप,Sudeep,Person Names
suhas,सुहास,Suhas,Person Names
suraj,सुराज,Suraj,Person Names
surya,सूर्य,Surya,Person Names
teja,तेज,Teja,Person Names
uday,उदय,Uday,Person Names
umesh,उमेश,Umesh,Person Names
varun,वरुण,Varun,Person Names
venkatesh,वेंकटेश,Venkatesh,Person Names
vignesh,विग्नेश,Vignesh,Person Names
vikas,विकास,Vikas,Person Names
vijay,विजय,Vijay,Person Names
vimal,विमल,Vimal,Person Names
vinay,विनय,Vinay,Person Names
vinit,विनीत,Vinit,Person Names
vishal,विशाल,Vishal,Person Names
vivek,विवेक,Vivek,Person Names
yogesh,योगेश,Yogesh,Person Names
aadhya,आध्या,Aadhya,Person Names
aarohi,आरोही,Aarohi,Person Names
aarti,आरती,Aarti,Person Names
aishwarya,ऐश्वर्या,Aishwarya,Person Names
akshara,अक्षरा,Akshara,Person Names
ananya,अनन्या,Ananya,Person Names
anitha,अनिता,Anitha,Person Names
anushka,अनुष्का,Anushka,Person Names
aparna,अपर्णा,Aparna,Person Names
archana,अर्चना,Archana,Person Names
arpita,अर्पिता,Arpita,Person Names
bhavani,भवानी,Bhavani,Person Names
bhuvana,भुवना,Bhuvana,Person Names
charitha,चरिता,Charitha,Person Names
chandana,चंदना,Chandana,Person Names
deepika,दीपिका,Deepika,Person Names
deeksha,दीक्षा,Deeksha,Person Names
divya,दिव्य,Divya,Person Names
durga,दुर्गा,Durga,Person Names
eesha,ईशा,Eesha,Person Names
gauri,गौरी,Gauri,Person Names
gayathri,गायत्री,Gayathri,Person Names
greeshma,ग्रीष्मा,Greeshma,Person Names
harini,हरिणी,Harini,Person Names
hema,हेमा,Hema,Person Names
indira,इंदिरा,Indira,Person Names
ira,इरा,Ira,Person Names
ishika,ईशिका,Ishika,Person Names
jahnavi,जाह्नवी,Jahnavi,Person Names
janani,जननी,Janani,Person Names
jaya,जया,Jaya,Person Names
jayashree,जयश्री,Jayashree,Person Names
jyothi,ज्योति,Jyothi,Person Names
kajal,काजल,Kajal,Person Names
kalyani,कल्याणी,Kalyani,Person Names
kamala,कमला,Kamala,Person Names
kamalini,कामलिनी,Kamalini,Person Names
kavitha,कविता,Kavitha,Person Names
keerthi,कीर्ति,Keerthi,Person Names
kritika,कृतिका,Kritika,Person Names
lakshmi,लक्ष्मी,Lakshmi,Person Names
lavanya,लवण्य,Lavanya,Person Names
leela,लीला,Leela,Person Names
madhavi,मधावी,Madhavi,Person Names
madhu,मधु,Madhu,Person Names
mahima,महिमा,Mahima,Person Names
malini,मालिनी,Malini,Person Names
manisha,मनीषा,Manisha,Person Names
meena,मीना,Meena,Person Names
meenakshi,मीनाक्षी,Meenakshi,Person Names
mounika,मौनिका,Mounika,Person Names
mythri,मित्री,Mythri,Person Names
nalini,नलिनी,Nalini,Person Names
namitha,नमिता,Namitha,Person Names
nandini,नंदिनी,Nandini,Person Names
neelima,नीलिमा,Neelima,Person Names
neha,नेहा,Neha,Person Names
niharika,निहारिका,Niharika,Person Names
nikki,निक्की,Nikki,Person Names
pallavi,पल्लवी,Pallavi,Person Names
pooja,पूजा,Pooja,Person Names
poorna,पूर्णा,Poorna,Person Names
pranitha,प्रणिता,Pranitha,Person Names
prathyusha,प्रत्यूषा,Prathyusha,Person Names
preethi,प्रीति,Preethi,Person Names
radha,राधा,Radha,Person Names
rajani,रजनी,Rajani,Person Names
ramya,रम्या,Ramya,Person Names
rekha,रेखा,Rekha,Person Names
renuka,रेणुका,Renuka,Person Names
renu,रेणु,Renu,Person Names
rhea,रिया,Rhea,Person Names
rithika,रितिका,Rithika,Person Names
sahana,सहना,Sahana,Person Names
sai lakshmi,साई लक्ष्मी,Sai Lakshmi,Person Names
sandhya,संध्या,Sandhya,Person Names
sanjana,संजना,Sanjana,Person Names
sapna,सपना,Sapna,Person Names
saranya,सारण्य,Saranya,Person Names
sarita,सरिता,Sarita,Person Names
seema,सीमा,Seema,Person Names
shalini,शालिनी,Shalini,Person Names
shanthi,शांति,Shanthi,Person Names
sharmila,शर्मिला,Sharmila,Person Names
sheetal,शीतल,Sheetal,Person Names
shilpa,शिल्पा,Shilpa,Person Names
shravani,श्रवणी,Shravani,Person Names
shruthi,श्रुति,Shruthi,Person Names
shweta,श्वेता,Shweta,Person Names
sindhu,सिंधु,Sindhu,Person Names
siri,सीरी,Siri,Person Names
sita,सीता,Sita,Person Names
smitha,स्मिता,Smitha,Person Names
sneha,स्नेहा,Sneha,Person Names
soumya,सौम्य,Soumya,Person Names
sravani,श्रवणी,Sravani,Person Names
sridevi,श्रीदेवी,Sridevi,Person Names
srinidhi,श्रीनिधि,Srinidhi,Person Names
subhalakshmi,सुभलक्ष्मी,Subhalakshmi,Person Names
sujatha,सुजाता,Sujatha,Person Names
suma,सुमा,Suma,Person Names
sunitha,सुनिता,Sunitha,Person Names
surekha,सुरेखा,Surekha,Person Names
sushma,सुषमा,Sushma,Person Names
swathi,स्वाति,Swathi,Person Names
tanvi,तन्वी,Tanvi,Person Names
uma,उमा,Uma,Person Names
urmila,उर्मिला,Urmila,Person Names
vaishnavi,वैष्णवी,Vaishnavi,Person Names
varsha,वर्षा,Varsha,Person Names
vasudha,वसुंधा,Vasudha,Person Names
vedika,वेदिका,Vedika,Person Names
vidya,विद्या,Vidya,Person Names
vijaya,विजया,Vijaya,Person Names
yamini,यामिनी,Yamini,Person Names
yashoda,यशोदा,Yashoda,Person Names
fire,आग,Mei,Nature
sand,रेत,Nâwi,Nature
seed,बीज,Chi,Nature
root,जड़,Hnahthial,Nature
branch,शाखा,Pâl,Nature
lake,झील,Dil,Nature
sea,समुद्र,Tuipui,Nature
path,रास्ता,Kawngtê,Everyday Objects
room,कमरा,Pûk,Everyday Objects
bed,बिस्तर,Muanna,Everyday Objects
pillow,तकिया,Muân,Everyday Objects
blanket,कंबल,Puân,Everyday Objects
cloth,कपड़ा,Puân,Clothing
pant,पतलून,Bâwmhlap,Clothing
shoes,जूते,Kêthlâk,Clothing
voice,आवाज,Aw,Communication
sound,ध्वनि,Aw,Communication
song,गीत,Hla,Arts
dance,नृत्य,Lam,Arts
art,कला,Thiamna,Arts
picture,चित्र,Thlalak,Arts
woman,महिला,Hmeichhia,People
boy,लड़का,Tlangval,People
girl,लड़की,Naupangnu,People
enemy,शत्रु,Hmêlmâ,People
king,राजा,Lal,Royalty
queen,रानी,Lalnu,Royalty
college,कॉलेज,College,School
true,सच,Dik,Truth
false,झूठ,Dik lo,Truth
end,अंत,Tâwp,Actions
death,मृत्यु,Thihna,Life
love,प्रेम,Duhdawt,Emotions
hate,घृणा,Hua,Emotions
hope,आशा,Beiseina,Emotions
fear,भय,Hlauhna,Emotions
peace,शांति,Muanna,Emotions
war,युद्ध,Indona,Conflict
truth,सत्य,Dikna,Truth
smile,मुस्कुराना,Ṭhî,Expressions
cry,रोना,Tap,Expressions
play,खेलना,Lem,Activities
build,बनाना,Sak,Actions
carry,ले जाना,Pu,Actions
throw,फेंकना,Paih,Actions
catch,पकड़ना,Man,Actions
win,जीतना,Hneh,Actions
lose,हारना,Thlâk,Actions
agree,सहमत,Pawm,Communication
refuse,इंकार,Pawm lo,Communication
finish,समाप्त,Tâwp,Actions
b,ब,B,Alphabet
c,च,C,Alphabet
d,द,D,Alphabet
e,ए,E,Alphabet
f,फ,F,Alphabet
g,ग,G,Alphabet
h,ह,H,Alphabet
j,ज,J,Alphabet
k,क,K,Alphabet
l,ल,L,Alphabet
m,म,M,Alphabet
n,न,N,Alphabet
o,ओ,O,Alphabet
p,प,P,Alphabet
q,क्व,Q,Alphabet
r,र,R,Alphabet
s,स,S,Alphabet
t,त,T,Alphabet
u,उ,U,Alphabet
v,व,V,Alphabet
w,व,W,Alphabet
x,क्ष,X,Alphabet
y,य,Y,Alphabet
z,ज,Z,Alphabet
